id,name,class,cid,type,num,item
1,10级奖励,1,1,201,10,1|100000/
2,20级奖励,1,2,201,20,1|200000/217|5/
3,30级奖励,1,3,201,30,223|100/319|100/
4,40级奖励,1,4,201,40,2|100/237|1000/223|100/
5,50级奖励,1,5,201,50,237|2000/319|100/412|1000/
6,60级奖励,1,6,201,60,1|2000000/3|2000000/404|5000/223|200/
7,1转奖励,1,7,202,1,338|1/404|10000/407|2000/408|2000/
8,2转奖励,1,8,202,2,356|2/404|30000/407|10000/408|10000/
9,3转奖励,1,9,202,3,356|3/404|50000/407|15000/408|15000/
10,4转奖励,1,10,202,4,356|4/404|80000/407|20000/408|20000/
11,5转奖励,1,11,202,5,356|5/404|100000/407|25000/408|25000/
12,累计充值10元,2,1,6,1000,338|1/224|10/407|1000/408|1000/
13,累计充值20元,2,2,6,2000,223|200/319|100/407|2000/408|2000/
14,累计充值50元,2,3,6,5000,340|2/319|200/407|3000/408|3000/
15,累计充值100元,2,4,6,10000,319|300/226|1/407|5000/408|5000/
16,累计充值200元,2,5,6,20000,2|1000/226|5/407|10000/408|10000/
17,累计充值300元,2,6,6,30000,2|2000/407|10000/408|10000/223|300/
18,累计充值500元,2,7,6,50000,701|1/407|10000/408|10000/223|500/
19,累计充值800元,2,8,6,80000,2|10000/407|10000/408|10000/223|800/
20,累计充值1000元,2,9,6,100000,701|1/407|15000/408|15000/223|1000/
21,幻境达人(1),3,1,208,10,404|500/
22,幻境达人(2),3,2,208,20,404|1000/407|200/
23,幻境达人(3),3,3,208,30,404|1500/407|200/408|200/
24,幻境达人(4),3,4,208,40,404|2000/407|500/408|500/
25,幻境达人(5),3,5,208,50,404|2500/407|1000/408|1000/
26,幻境达人(6),3,6,208,60,338|1/404|3000/407|1200/408|1200/
27,幻境达人(7),3,7,208,70,404|3500/407|1400/408|1400/
28,幻境达人(8),3,8,208,80,404|4000/407|1600/408|1600/
29,幻境达人(9),3,9,208,90,404|4500/407|1800/408|1800/
30,幻境达人(10),3,10,208,100,134|1/151|1/137|1/
31,幻境达人(11),3,11,208,110,404|5500/407|2200/408|2200/
32,幻境达人(12),3,12,208,120,404|6000/407|2400/408|2400/
33,幻境达人(13),3,13,208,130,404|6500/407|2600/408|2600/
34,幻境达人(14),3,14,208,140,404|7000/407|2800/408|2800/
35,幻境达人(15),3,15,208,150,404|7500/407|3000/408|3000/
36,幻境达人(16),3,16,208,160,404|8000/407|3200/408|3200/
37,幻境达人(17),3,17,208,170,404|8500/407|3400/408|3400/
38,幻境达人(18),3,18,208,180,404|9000/407|3600/408|3600/
39,幻境达人(19),3,19,208,190,404|9500/407|3800/408|3800/
40,幻境达人(20),3,20,208,200,280|1/281|1/282|1/
41,幻境达人(21),3,21,208,210,404|10500/407|4200/408|4200/
42,幻境达人(22),3,22,208,220,404|11000/407|4400/408|4400/
43,幻境达人(23),3,23,208,230,404|11500/407|4600/408|4600/
44,幻境达人(24),3,24,208,240,404|12000/407|4800/408|4800/
45,幻境达人(25),3,25,208,250,404|12500/407|5000/408|5000/
46,幻境达人(26),3,26,208,260,404|13000/407|5200/408|5200/
47,幻境达人(27),3,27,208,270,404|13500/407|5400/408|5400/
48,幻境达人(28),3,28,208,280,404|14000/407|5600/408|5600/
49,幻境达人(29),3,29,208,290,404|14500/407|5800/408|5800/
50,幻境达人(30),3,30,208,300,363|1/364|1/365|1/
51,幻境达人(31),3,31,208,310,404|15500/407|6200/408|6200/
52,幻境达人(32),3,32,208,320,404|16000/407|6400/408|6400/
53,幻境达人(33),3,33,208,330,404|16500/407|6600/408|6600/
54,幻境达人(34),3,34,208,340,404|17000/407|6800/408|6800/
55,幻境达人(35),3,35,208,350,366|1/404|17500/407|7000/408|7000/
56,幻境达人(36),3,36,208,360,404|18000/407|7200/408|7200/
57,幻境达人(37),3,37,208,370,404|18500/407|7400/408|7400/
58,幻境达人(38),3,38,208,380,404|19000/407|7600/408|7600/
59,幻境达人(39),3,39,208,390,404|19500/407|7800/408|7800/
60,幻境达人(40),3,40,208,400,404|20000/407|8000/408|8000/
61,幻境达人(41),3,41,208,410,404|20500/407|8200/408|8200/
62,幻境达人(42),3,42,208,420,404|21000/407|8400/408|8400/
63,幻境达人(43),3,43,208,430,404|21500/407|8600/408|8600/
64,幻境达人(44),3,44,208,440,404|22000/407|8800/408|8800/
65,幻境达人(45),3,45,208,450,404|22500/407|9000/408|9000/
66,幻境达人(46),3,46,208,460,404|23000/407|9200/408|9200/
67,幻境达人(47),3,47,208,470,404|23500/407|9400/408|9400/
68,幻境达人(48),3,48,208,480,404|24000/407|9600/408|9600/
69,幻境达人(49),3,49,208,490,404|24500/407|9800/408|9800/
70,幻境达人(50),3,50,208,500,404|25000/407|10000/408|10000/
71,幻境达人(51),3,51,208,510,404|25500/407|10200/408|10200/
72,幻境达人(52),3,52,208,520,404|26000/407|10400/408|10400/
73,幻境达人(53),3,53,208,530,404|26500/407|10600/408|10600/
74,幻境达人(54),3,54,208,540,404|27000/407|10800/408|10800/
75,幻境达人(55),3,55,208,550,404|27500/407|11000/408|11000/
76,幻境达人(56),3,56,208,560,404|28000/407|11200/408|11200/
77,幻境达人(57),3,57,208,570,404|28500/407|11400/408|11400/
78,幻境达人(58),3,58,208,580,404|29000/407|11600/408|11600/
79,幻境达人(59),3,59,208,590,404|29500/407|11800/408|11800/
80,幻境达人(60),3,60,208,600,404|30000/407|12000/408|12000/
81,击杀银杏小村BOSS稻草人,4,1,206,1,319|10/
82,击杀比奇省BOSS森林雪人,4,2,206,2,319|20/
83,击杀沃玛森林BOSS半兽勇士,4,3,206,3,319|30/
84,击杀半兽人古墓BOSS骷髅精灵,4,4,206,4,319|50/217|10/
85,击杀废弃矿洞BOSS尸王,4,5,206,5,319|100/224|1/
86,击杀未知暗殿BOSS邪恶钳虫,4,6,206,6,319|150/224|1/2|50/
87,击杀沃玛寺庙BOSS沃玛教主,4,7,206,7,319|200/224|1/2|100/
88,击杀死亡棺材BOSS触龙神,4,8,206,8,319|300/225|1/2|200/
89,击杀祖玛寺庙BOSS祖玛教主,4,9,206,9,319|400/225|1/2|300/
90,击杀霸者大厅BOSS虹膜教主,4,10,206,10,319|500/225|1/2|400/
91,击杀赤月峡谷BOSS赤月恶魔,4,11,206,11,319|600/226|1/2|500/338|1/
92,击杀重装之家BOSS黄泉教主,4,12,206,12,319|800/226|1/2|600/
93,击杀魔龙岭BOSS魔龙教主,4,13,206,13,319|1000/226|1/2|700/
94,击杀牛魔寺庙BOSS牛魔王,4,14,206,14,319|1200/226|2/2|800/
95,击杀骨魔洞窟BOSS冰窟卫士,4,15,206,15,319|1400/226|2/2|1000/
96,击杀圣殿回廊BOSS小龙,4,16,206,16,319|1600/226|3/2|1200/
97,击杀镇魔神殿BOSS大斧兽人,4,17,206,17,319|1800/226|4/2|1400/
98,击杀盘古之地BOSS龙,4,18,206,18,319|2000/226|5/2|1600/
99,击杀上古战场BOSS上古吉兽,4,19,206,19,319|2200/226|6/2|1800/
100,击杀诛仙伏魔殿BOSS大封印魔,4,20,206,20,319|2400/226|7/2|2000/
101,攻击达人(1),5,1,54,100,234|10000/406|1000/2|100/
102,攻击达人(2),5,2,54,200,234|20000/406|2000/2|200/
103,攻击达人(3),5,3,54,300,234|30000/406|3000/2|300/
104,攻击达人(4),5,4,54,400,234|40000/406|4000/2|400/
105,攻击达人(5),5,5,54,500,234|50000/406|5000/2|500/
106,攻击达人(6),5,6,54,600,234|60000/406|6000/2|600/
107,攻击达人(7),5,7,54,700,234|70000/406|7000/2|700/
108,攻击达人(8),5,8,54,800,234|80000/406|8000/2|800/
109,攻击达人(9),5,9,54,900,234|90000/406|9000/2|900/
110,攻击达人(10),5,10,54,1000,234|100000/406|10000/2|1000/
111,攻击达人(11),5,11,54,1100,234|110000/406|11000/2|1100/
112,攻击达人(12),5,12,54,1200,234|120000/406|12000/2|1200/
113,攻击达人(13),5,13,54,1300,234|130000/406|13000/2|1300/
114,攻击达人(14),5,14,54,1400,234|140000/406|14000/2|1400/
115,攻击达人(15),5,15,54,1500,234|150000/406|15000/2|1500/
116,攻击达人(16),5,16,54,1600,234|160000/406|16000/2|1600/
117,攻击达人(17),5,17,54,1700,234|170000/406|17000/2|1700/
118,攻击达人(18),5,18,54,1800,234|180000/406|18000/2|1800/
119,攻击达人(19),5,19,54,1900,234|190000/406|19000/2|1900/
120,攻击达人(20),5,20,54,2000,234|200000/406|20000/2|2000/
121,魔法达人(1),6,1,56,100,235|10000/406|1000/2|100/
122,魔法达人(2),6,2,56,200,235|20000/406|2000/2|200/
123,魔法达人(3),6,3,56,300,235|30000/406|3000/2|300/
124,魔法达人(4),6,4,56,400,235|40000/406|4000/2|400/
125,魔法达人(5),6,5,56,500,235|50000/406|5000/2|500/
126,魔法达人(6),6,6,56,600,235|60000/406|6000/2|600/
127,魔法达人(7),6,7,56,700,235|70000/406|7000/2|700/
128,魔法达人(8),6,8,56,800,235|80000/406|8000/2|800/
129,魔法达人(9),6,9,56,900,235|90000/406|9000/2|900/
130,魔法达人(10),6,10,56,1000,235|100000/406|10000/2|1000/
131,魔法达人(11),6,11,56,1100,235|110000/406|11000/2|1100/
132,魔法达人(12),6,12,56,1200,235|120000/406|12000/2|1200/
133,魔法达人(13),6,13,56,1300,235|130000/406|13000/2|1300/
134,魔法达人(14),6,14,56,1400,235|140000/406|14000/2|1400/
135,魔法达人(15),6,15,56,1500,235|150000/406|15000/2|1500/
136,魔法达人(16),6,16,56,1600,235|160000/406|16000/2|1600/
137,魔法达人(17),6,17,56,1700,235|170000/406|17000/2|1700/
138,魔法达人(18),6,18,56,1800,235|180000/406|18000/2|1800/
139,魔法达人(19),6,19,56,1900,235|190000/406|19000/2|1900/
140,魔法达人(20),6,20,56,2000,235|200000/406|20000/2|2000/
141,道术达人(1),7,1,58,100,236|10000/406|1000/2|100/
142,道术达人(2),7,2,58,200,236|20000/406|2000/2|200/
143,道术达人(3),7,3,58,300,236|30000/406|3000/2|300/
144,道术达人(4),7,4,58,400,236|40000/406|4000/2|400/
145,道术达人(5),7,5,58,500,236|50000/406|5000/2|500/
146,道术达人(6),7,6,58,600,236|60000/406|6000/2|600/
147,道术达人(7),7,7,58,700,236|70000/406|7000/2|700/
148,道术达人(8),7,8,58,800,236|80000/406|8000/2|800/
149,道术达人(9),7,9,58,900,236|90000/406|9000/2|900/
150,道术达人(10),7,10,58,1000,236|100000/406|10000/2|1000/
151,道术达人(11),7,11,58,1100,236|110000/406|11000/2|1100/
152,道术达人(12),7,12,58,1200,236|120000/406|12000/2|1200/
153,道术达人(13),7,13,58,1300,236|130000/406|13000/2|1300/
154,道术达人(14),7,14,58,1400,236|140000/406|14000/2|1400/
155,道术达人(15),7,15,58,1500,236|150000/406|15000/2|1500/
156,道术达人(16),7,16,58,1600,236|160000/406|16000/2|1600/
157,道术达人(17),7,17,58,1700,236|170000/406|17000/2|1700/
158,道术达人(18),7,18,58,1800,236|180000/406|18000/2|1800/
159,道术达人(19),7,19,58,1900,236|190000/406|19000/2|1900/
160,道术达人(20),7,20,58,2000,236|200000/406|20000/2|2000/
161,防御达人(1),8,1,60,50,238|10000/406|1000/2|100/
162,防御达人(2),8,2,60,100,238|20000/406|2000/2|200/
163,防御达人(3),8,3,60,150,238|30000/406|3000/2|300/
164,防御达人(4),8,4,60,200,238|40000/406|4000/2|400/
165,防御达人(5),8,5,60,250,238|50000/406|5000/2|500/
166,防御达人(6),8,6,60,300,238|60000/406|6000/2|600/
167,防御达人(7),8,7,60,350,238|70000/406|7000/2|700/
168,防御达人(8),8,8,60,400,238|80000/406|8000/2|800/
169,防御达人(9),8,9,60,450,238|90000/406|9000/2|900/
170,防御达人(10),8,10,60,500,238|100000/406|10000/2|1000/
171,防御达人(11),8,11,60,550,238|110000/406|11000/2|1100/
172,防御达人(12),8,12,60,600,238|120000/406|12000/2|1200/
173,防御达人(13),8,13,60,650,238|130000/406|13000/2|1300/
174,防御达人(14),8,14,60,700,238|140000/406|14000/2|1400/
175,防御达人(15),8,15,60,750,238|150000/406|15000/2|1500/
176,防御达人(16),8,16,60,800,238|160000/406|16000/2|1600/
177,防御达人(17),8,17,60,850,238|170000/406|17000/2|1700/
178,防御达人(18),8,18,60,900,238|180000/406|18000/2|1800/
179,防御达人(19),8,19,60,950,238|190000/406|19000/2|1900/
180,防御达人(20),8,20,60,1000,238|200000/406|20000/2|2000/
181,魔防达人(1),9,1,62,50,239|10000/406|1000/2|100/
182,魔防达人(2),9,2,62,100,239|20000/406|2000/2|200/
183,魔防达人(3),9,3,62,150,239|30000/406|3000/2|300/
184,魔防达人(4),9,4,62,200,239|40000/406|4000/2|400/
185,魔防达人(5),9,5,62,250,239|50000/406|5000/2|500/
186,魔防达人(6),9,6,62,300,239|60000/406|6000/2|600/
187,魔防达人(7),9,7,62,350,239|70000/406|7000/2|700/
188,魔防达人(8),9,8,62,400,239|80000/406|8000/2|800/
189,魔防达人(9),9,9,62,450,239|90000/406|9000/2|900/
190,魔防达人(10),9,10,62,500,239|100000/406|10000/2|1000/
191,魔防达人(11),9,11,62,550,239|110000/406|11000/2|1100/
192,魔防达人(12),9,12,62,600,239|120000/406|12000/2|1200/
193,魔防达人(13),9,13,62,650,239|130000/406|13000/2|1300/
194,魔防达人(14),9,14,62,700,239|140000/406|14000/2|1400/
195,魔防达人(15),9,15,62,750,239|150000/406|15000/2|1500/
196,魔防达人(16),9,16,62,800,239|160000/406|16000/2|1600/
197,魔防达人(17),9,17,62,850,239|170000/406|17000/2|1700/
198,魔防达人(18),9,18,62,900,239|180000/406|18000/2|1800/
199,魔防达人(19),9,19,62,950,239|190000/406|19000/2|1900/
200,魔防达人(20),9,20,62,1000,239|200000/406|20000/2|2000/
201,累计充值1200元,2,10,6,120000,2|20000/407|15000/408|15000/223|1000/
202,累计充值1500元,2,11,6,150000,2|20000/407|18000/408|18000/223|1200/
203,累计充值1800元,2,12,6,180000,2|20000/407|20000/408|20000/223|1500/
204,累计充值2000元,2,13,6,200000,2|20000/407|25000/408|25000/223|2000/
205,累计充值2500元,2,14,6,250000,2|25000/407|28000/408|28000/223|2500/
206,累计充值3000元,2,15,6,300000,2|30000/407|30000/408|30000/223|3000/
207,累计充值4000元,2,16,6,400000,2|40000/407|40000/408|40000/223|4000/
208,累计充值5000元,2,17,6,500000,2|50000/407|50000/408|50000/223|5000/
209,累计充值7000元,2,18,6,700000,2|60000/407|60000/408|60000/223|6000/
210,累计充值10000元,2,19,6,1000000,2|70000/407|70000/408|70000/223|7000/
211,累计充值15000元,2,20,6,1500000,2|80000/407|80000/408|80000/223|8000/
212,累计充值20000元,2,21,6,2000000,2|90000/407|90000/408|90000/223|9000/
213,6转奖励,1,12,202,6,356|6/404|120000/407|30000/408|30000/
214,7转奖励,1,13,202,7,356|7/404|140000/407|35000/408|35000/
215,幻境达人(61),3,61,208,610,404|30500/407|12200/408|12200/
216,幻境达人(62),3,62,208,620,404|31000/407|12400/408|12400/
217,幻境达人(63),3,63,208,630,404|31500/407|12600/408|12600/
218,幻境达人(64),3,64,208,640,404|32000/407|12800/408|12800/
219,幻境达人(65),3,65,208,650,404|32500/407|13000/408|13000/
220,幻境达人(66),3,66,208,660,404|33000/407|13200/408|13200/
221,幻境达人(67),3,67,208,670,404|33500/407|13400/408|13400/
222,幻境达人(68),3,68,208,680,404|34000/407|13600/408|13600/
223,幻境达人(69),3,69,208,690,404|34500/407|13800/408|13800/
224,幻境达人(70),3,70,208,700,404|35000/407|14000/408|14000/319|5000/
225,幻境达人(71),3,71,208,710,404|36000/407|15000/408|15000/
226,幻境达人(72),3,72,208,720,404|37000/407|16000/408|16000/
227,幻境达人(73),3,73,208,730,404|38000/407|17000/408|17000/
228,幻境达人(74),3,74,208,740,404|39000/407|18000/408|18000/
229,幻境达人(75),3,75,208,750,404|40000/407|19000/408|19000/
230,幻境达人(76),3,76,208,760,404|41000/407|20000/408|20000/
231,幻境达人(77),3,77,208,770,404|42000/407|21000/408|21000/
232,幻境达人(78),3,78,208,780,404|43000/407|22000/408|22000/
233,幻境达人(79),3,79,208,790,404|44000/407|23000/408|23000/
234,幻境达人(80),3,80,208,800,404|45000/407|24000/408|24000/
235,幻境达人(81),3,81,208,810,404|46000/407|25000/408|25000/
236,幻境达人(82),3,82,208,820,404|47000/407|26000/408|26000/
237,幻境达人(83),3,83,208,830,404|48000/407|27000/408|27000/
238,幻境达人(84),3,84,208,840,404|49000/407|28000/408|28000/
239,幻境达人(85),3,85,208,850,404|50000/407|29000/408|29000/
240,幻境达人(86),3,86,208,860,404|51000/407|30000/408|30000/
241,幻境达人(87),3,87,208,870,404|52000/407|31000/408|31000/
242,幻境达人(88),3,88,208,880,404|53000/407|32000/408|32000/
243,幻境达人(89),3,89,208,890,404|54000/407|33000/408|33000/
244,幻境达人(90),3,90,208,900,404|55000/407|34000/408|34000/
245,击杀混沌战场BOSS巨魔王,4,21,206,21,319|2600/226|7/2|2200/
246,击杀堕落深渊BOSS深渊金仙,4,22,206,22,319|2800/226|8/2|2400/
247,击杀主宰地狱BOSS主宰教主,4,23,206,23,319|3000/226|9/2|2600/
248,击杀暗黑之城BOSS暗黑破坏神,4,24,206,24,319|3200/226|10/2|2800/
249,8转奖励,1,14,202,8,356|8/404|160000/407|40000/408|40000/
250,9转奖励,1,15,202,9,356|9/404|180000/407|45000/408|45000/
251,推广达人(1),10,1,500,10,1|100000/
252,推广达人(2),10,2,500,50,217|10/2|100/
253,推广达人(3),10,3,500,100,223|100/319|20/
254,推广达人(4),10,4,500,200,223|200/320|20/319|30/
255,推广达人(5),10,5,500,300,223|300/338|1/319|50/
256,推广达人(6),10,6,500,400,223|400/420|1/319|100/
257,推广达人(7),10,7,500,500,223|500/421|1/319|200/
258,推广达人(8),10,8,500,600,223|600/446|1/319|300/
259,推广达人(9),10,9,500,700,223|700/471|20/319|400/
260,推广达人(10),10,10,500,800,223|800/478|20/319|500/
261,推广达人(11),10,11,500,900,223|900/478|30/319|600/
262,推广达人(12),10,12,500,1000,324|12/478|50/
263,屠龙者(1),11,1,503,1000,319|100/
264,屠龙者(2),11,2,503,2000,319|200/
265,屠龙者(3),11,3,503,5000,319|300/
266,屠龙者(4),11,4,503,10000,319|400/354|5/
267,屠龙者(5),11,5,503,20000,319|500/354|15/
268,屠龙者(6),11,6,503,30000,319|600/354|20/
269,屠龙者(7),11,7,503,50000,319|700/354|30/
270,屠龙者(8),11,8,503,70000,319|800/421|5/
271,屠龙者(9),11,9,503,100000,319|900/421|10/
272,屠龙者(10),11,10,503,150000,319|1000/421|15/
273,屠龙者(11),11,11,503,200000,319|1100/421|20/
274,屠龙者(12),11,12,503,300000,319|1200/421|25/
275,屠龙者(13),11,13,503,400000,319|1300/421|30/
276,屠龙者(14),11,14,503,500000,319|1400/478|50/
277,幻境达人(91),3,91,208,910,404|55000/407|35000/408|35000/
278,幻境达人(92),3,92,208,920,404|56000/407|36000/408|36000/
279,幻境达人(93),3,93,208,930,404|57000/407|37000/408|37000/
280,幻境达人(94),3,94,208,940,404|58000/407|38000/408|38000/
281,幻境达人(95),3,95,208,950,404|59000/407|39000/408|39000/
282,幻境达人(96),3,96,208,960,404|60000/407|40000/408|40000/
283,幻境达人(97),3,97,208,970,404|61000/407|41000/408|41000/
284,幻境达人(98),3,98,208,980,404|62000/407|42000/408|42000/
285,幻境达人(99),3,99,208,990,404|63000/407|43000/408|43000/
286,幻境达人(100),3,100,208,1000,485|1/486|1/487|1/
287,幻境达人(101),3,101,208,1010,404|65000/407|45000/408|45000/
288,幻境达人(102),3,102,208,1020,404|66000/407|46000/408|46000/
289,幻境达人(103),3,103,208,1030,404|67000/407|47000/408|47000/
290,幻境达人(104),3,104,208,1040,404|68000/407|48000/408|48000/
291,幻境达人(105),3,105,208,1050,404|69000/407|49000/408|49000/
292,幻境达人(106),3,106,208,1060,404|70000/407|50000/408|50000/
293,幻境达人(107),3,107,208,1070,404|71000/407|51000/408|51000/
294,幻境达人(108),3,108,208,1080,404|72000/407|52000/408|52000/
295,幻境达人(109),3,109,208,1090,404|73000/407|53000/408|53000/
296,幻境达人(110),3,110,208,1100,404|74000/407|54000/408|54000/
297,幻境达人(111),3,111,208,1110,404|75000/407|55000/408|55000/
298,幻境达人(112),3,112,208,1120,404|76000/407|56000/408|56000/
299,幻境达人(113),3,113,208,1130,404|77000/407|57000/408|57000/
300,幻境达人(114),3,114,208,1140,404|78000/407|58000/408|58000/
301,幻境达人(115),3,115,208,1150,404|79000/407|59000/408|59000/
302,幻境达人(116),3,116,208,1160,404|80000/407|60000/408|60000/
303,幻境达人(117),3,117,208,1170,404|81000/407|61000/408|61000/
304,幻境达人(118),3,118,208,1180,404|82000/407|62000/408|62000/
305,幻境达人(119),3,119,208,1190,404|83000/407|63000/408|63000/
306,幻境达人(120),3,120,208,1200,404|84000/407|64000/408|64000/
307,幻境达人(121),3,121,208,1210,404|85000/407|65000/408|65000/
308,幻境达人(122),3,122,208,1220,404|86000/407|66000/408|66000/
309,幻境达人(123),3,123,208,1230,404|87000/407|67000/408|67000/
310,幻境达人(124),3,124,208,1240,404|88000/407|68000/408|68000/
311,幻境达人(125),3,125,208,1250,404|89000/407|69000/408|69000/
312,幻境达人(126),3,126,208,1260,404|90000/407|70000/408|70000/
313,幻境达人(127),3,127,208,1270,404|91000/407|71000/408|71000/
314,幻境达人(128),3,128,208,1280,404|92000/407|72000/408|72000/
315,幻境达人(129),3,129,208,1290,404|93000/407|73000/408|73000/
316,幻境达人(130),3,130,208,1300,404|94000/407|74000/408|74000/
317,幻境达人(131),3,131,208,1310,404|95000/407|75000/408|75000/
318,幻境达人(132),3,132,208,1320,404|96000/407|76000/408|76000/
319,幻境达人(133),3,133,208,1330,404|97000/407|77000/408|77000/
320,幻境达人(134),3,134,208,1340,404|98000/407|78000/408|78000/
321,幻境达人(135),3,135,208,1350,404|99000/407|79000/408|79000/
322,幻境达人(136),3,136,208,1360,404|100000/407|80000/408|80000/
323,幻境达人(137),3,137,208,1370,404|101000/407|81000/408|81000/
324,幻境达人(138),3,138,208,1380,404|102000/407|82000/408|82000/
325,幻境达人(139),3,139,208,1390,404|103000/407|83000/408|83000/
326,幻境达人(140),3,140,208,1400,404|104000/407|84000/408|84000/
327,幻境达人(141),3,141,208,1410,404|105000/407|85000/408|85000/
328,幻境达人(142),3,142,208,1420,404|106000/407|86000/408|86000/
329,幻境达人(143),3,143,208,1430,404|107000/407|87000/408|87000/
330,幻境达人(144),3,144,208,1440,404|108000/407|88000/408|88000/
331,幻境达人(145),3,145,208,1450,404|109000/407|89000/408|89000/
332,幻境达人(146),3,146,208,1460,404|110000/407|90000/408|90000/
333,幻境达人(147),3,147,208,1470,404|111000/407|91000/408|91000/
334,幻境达人(148),3,148,208,1480,404|112000/407|92000/408|92000/
335,幻境达人(149),3,149,208,1490,404|113000/407|93000/408|93000/
336,幻境达人(150),3,150,208,1500,404|114000/407|94000/408|94000/
337,幻境达人(151),3,151,208,1510,404|115000/407|95000/408|95000/
338,幻境达人(152),3,152,208,1520,404|116000/407|96000/408|96000/
339,幻境达人(153),3,153,208,1530,404|117000/407|97000/408|97000/
340,幻境达人(154),3,154,208,1540,404|118000/407|98000/408|98000/
341,幻境达人(155),3,155,208,1550,404|119000/407|99000/408|99000/
342,幻境达人(156),3,156,208,1560,404|120000/407|100000/408|100000/
343,幻境达人(157),3,157,208,1570,404|121000/407|101000/408|101000/
344,幻境达人(158),3,158,208,1580,404|122000/407|102000/408|102000/
345,幻境达人(159),3,159,208,1590,404|123000/407|103000/408|103000/
346,幻境达人(160),3,160,208,1600,404|124000/407|104000/408|104000/
347,幻境达人(161),3,161,208,1610,404|125000/407|105000/408|105000/
348,幻境达人(162),3,162,208,1620,404|126000/407|106000/408|106000/
349,幻境达人(163),3,163,208,1630,404|127000/407|107000/408|107000/
350,幻境达人(164),3,164,208,1640,404|128000/407|108000/408|108000/
351,幻境达人(165),3,165,208,1650,404|129000/407|109000/408|109000/
352,幻境达人(166),3,166,208,1660,404|130000/407|110000/408|110000/
353,幻境达人(167),3,167,208,1670,404|131000/407|111000/408|111000/
354,幻境达人(168),3,168,208,1680,404|132000/407|112000/408|112000/
355,幻境达人(169),3,169,208,1690,404|133000/407|113000/408|113000/
356,幻境达人(170),3,170,208,1700,404|134000/407|114000/408|114000/
357,幻境达人(171),3,171,208,1710,404|135000/407|115000/408|115000/
358,幻境达人(172),3,172,208,1720,404|136000/407|116000/408|116000/
359,幻境达人(173),3,173,208,1730,404|137000/407|117000/408|117000/
360,幻境达人(174),3,174,208,1740,404|138000/407|118000/408|118000/
361,幻境达人(175),3,175,208,1750,404|139000/407|119000/408|119000/
362,幻境达人(176),3,176,208,1760,404|140000/407|120000/408|120000/
363,幻境达人(177),3,177,208,1770,404|141000/407|121000/408|121000/
364,幻境达人(178),3,178,208,1780,404|142000/407|122000/408|122000/
365,幻境达人(179),3,179,208,1790,404|143000/407|123000/408|123000/
366,幻境达人(180),3,180,208,1800,404|144000/407|124000/408|124000/
367,幻境达人(181),3,181,208,1810,404|145000/407|125000/408|125000/
368,幻境达人(182),3,182,208,1820,404|146000/407|126000/408|126000/
369,幻境达人(183),3,183,208,1830,404|147000/407|127000/408|127000/
370,幻境达人(184),3,184,208,1840,404|148000/407|128000/408|128000/
371,幻境达人(185),3,185,208,1850,404|149000/407|129000/408|129000/
372,幻境达人(186),3,186,208,1860,404|150000/407|130000/408|130000/
373,幻境达人(187),3,187,208,1870,404|151000/407|131000/408|131000/
374,幻境达人(188),3,188,208,1880,404|152000/407|132000/408|132000/
375,幻境达人(189),3,189,208,1890,404|153000/407|133000/408|133000/
376,幻境达人(190),3,190,208,1900,404|154000/407|134000/408|134000/
377,幻境达人(191),3,191,208,1910,404|155000/407|135000/408|135000/
378,幻境达人(192),3,192,208,1920,404|156000/407|136000/408|136000/
379,幻境达人(193),3,193,208,1930,404|157000/407|137000/408|137000/
380,幻境达人(194),3,194,208,1940,404|158000/407|138000/408|138000/
381,幻境达人(195),3,195,208,1950,404|159000/407|139000/408|139000/
382,幻境达人(196),3,196,208,1960,404|160000/407|140000/408|140000/
383,幻境达人(197),3,197,208,1970,404|161000/407|141000/408|141000/
384,幻境达人(198),3,198,208,1980,404|162000/407|142000/408|142000/
385,幻境达人(199),3,199,208,1990,404|163000/407|143000/408|143000/
386,幻境达人(200),3,200,208,2000,404|164000/407|144000/408|144000/
387,攻击达人(21),5,21,54,2100,234|200000/406|20000/2|500/730|2/
388,攻击达人(22),5,22,54,2200,234|200000/406|20000/2|500/730|2/
389,攻击达人(23),5,23,54,2300,234|200000/406|20000/2|500/730|2/
390,攻击达人(24),5,24,54,2400,234|200000/406|20000/2|500/730|2/
391,攻击达人(25),5,25,54,2500,234|200000/406|20000/2|500/730|2/
392,攻击达人(26),5,26,54,2600,234|200000/406|20000/2|500/730|2/
393,攻击达人(27),5,27,54,2700,234|200000/406|20000/2|500/730|2/
394,攻击达人(28),5,28,54,2800,234|200000/406|20000/2|500/730|2/
395,攻击达人(29),5,29,54,2900,234|200000/406|20000/2|500/730|2/
396,攻击达人(30),5,30,54,3000,234|200000/406|20000/2|500/485|1/
397,攻击达人(31),5,31,54,3100,234|200000/406|20000/2|500/730|2/
398,攻击达人(32),5,32,54,3200,234|200000/406|20000/2|500/730|2/
399,攻击达人(33),5,33,54,3300,234|200000/406|20000/2|500/730|2/
400,攻击达人(34),5,34,54,3400,234|200000/406|20000/2|500/730|2/
401,攻击达人(35),5,35,54,3500,234|200000/406|20000/2|500/730|2/
402,攻击达人(36),5,36,54,3600,234|200000/406|20000/2|500/730|2/
403,攻击达人(37),5,37,54,3700,234|200000/406|20000/2|500/730|2/
404,攻击达人(38),5,38,54,3800,234|200000/406|20000/2|500/730|2/
405,攻击达人(39),5,39,54,3900,234|200000/406|20000/2|500/730|2/
406,攻击达人(40),5,40,54,4000,234|200000/406|20000/2|500/730|2/
407,攻击达人(41),5,41,54,4100,234|200000/406|20000/2|500/730|2/
408,攻击达人(42),5,42,54,4200,234|200000/406|20000/2|500/730|2/
409,攻击达人(43),5,43,54,4300,234|200000/406|20000/2|500/730|2/
410,攻击达人(44),5,44,54,4400,234|200000/406|20000/2|500/730|2/
411,攻击达人(45),5,45,54,4500,234|200000/406|20000/2|500/730|2/
412,攻击达人(46),5,46,54,4600,234|200000/406|20000/2|500/730|2/
413,攻击达人(47),5,47,54,4700,234|200000/406|20000/2|500/730|2/
414,攻击达人(48),5,48,54,4800,234|200000/406|20000/2|500/730|2/
415,攻击达人(49),5,49,54,4900,234|200000/406|20000/2|500/730|2/
416,攻击达人(50),5,50,54,5000,234|200000/406|20000/2|500/730|2/
417,攻击达人(51),5,51,54,5100,234|200000/406|20000/2|500/730|2/
418,攻击达人(52),5,52,54,5200,234|200000/406|20000/2|500/730|2/
419,攻击达人(53),5,53,54,5300,234|200000/406|20000/2|500/730|2/
420,攻击达人(54),5,54,54,5400,234|200000/406|20000/2|500/730|2/
421,攻击达人(55),5,55,54,5500,234|200000/406|20000/2|500/730|2/
422,攻击达人(56),5,56,54,5600,234|200000/406|20000/2|500/730|2/
423,攻击达人(57),5,57,54,5700,234|200000/406|20000/2|500/730|2/
424,攻击达人(58),5,58,54,5800,234|200000/406|20000/2|500/730|2/
425,攻击达人(59),5,59,54,5900,234|200000/406|20000/2|500/730|2/
426,攻击达人(60),5,60,54,6000,234|200000/406|20000/2|500/730|2/
427,魔法达人(21),6,21,56,2100,235|200000/406|20000/2|500/730|2/
428,魔法达人(22),6,22,56,2200,235|200000/406|20000/2|500/730|2/
429,魔法达人(23),6,23,56,2300,235|200000/406|20000/2|500/730|2/
430,魔法达人(24),6,24,56,2400,235|200000/406|20000/2|500/730|2/
431,魔法达人(25),6,25,56,2500,235|200000/406|20000/2|500/730|2/
432,魔法达人(26),6,26,56,2600,235|200000/406|20000/2|500/730|2/
433,魔法达人(27),6,27,56,2700,235|200000/406|20000/2|500/730|2/
434,魔法达人(28),6,28,56,2800,235|200000/406|20000/2|500/730|2/
435,魔法达人(29),6,29,56,2900,235|200000/406|20000/2|500/730|2/
436,魔法达人(30),6,30,56,3000,235|200000/406|20000/2|500/486|1/
437,魔法达人(31),6,31,56,3100,235|200000/406|20000/2|500/730|2/
438,魔法达人(32),6,32,56,3200,235|200000/406|20000/2|500/730|2/
439,魔法达人(33),6,33,56,3300,235|200000/406|20000/2|500/730|2/
440,魔法达人(34),6,34,56,3400,235|200000/406|20000/2|500/730|2/
441,魔法达人(35),6,35,56,3500,235|200000/406|20000/2|500/730|2/
442,魔法达人(36),6,36,56,3600,235|200000/406|20000/2|500/730|2/
443,魔法达人(37),6,37,56,3700,235|200000/406|20000/2|500/730|2/
444,魔法达人(38),6,38,56,3800,235|200000/406|20000/2|500/730|2/
445,魔法达人(39),6,39,56,3900,235|200000/406|20000/2|500/730|2/
446,魔法达人(40),6,40,56,4000,235|200000/406|20000/2|500/730|2/
447,魔法达人(41),6,41,56,4100,235|200000/406|20000/2|500/730|2/
448,魔法达人(42),6,42,56,4200,235|200000/406|20000/2|500/730|2/
449,魔法达人(43),6,43,56,4300,235|200000/406|20000/2|500/730|2/
450,魔法达人(44),6,44,56,4400,235|200000/406|20000/2|500/730|2/
451,魔法达人(45),6,45,56,4500,235|200000/406|20000/2|500/730|2/
452,魔法达人(46),6,46,56,4600,235|200000/406|20000/2|500/730|2/
453,魔法达人(47),6,47,56,4700,235|200000/406|20000/2|500/730|2/
454,魔法达人(48),6,48,56,4800,235|200000/406|20000/2|500/730|2/
455,魔法达人(49),6,49,56,4900,235|200000/406|20000/2|500/730|2/
456,魔法达人(50),6,50,56,5000,235|200000/406|20000/2|500/730|2/
457,魔法达人(51),6,51,56,5100,235|200000/406|20000/2|500/730|2/
458,魔法达人(52),6,52,56,5200,235|200000/406|20000/2|500/730|2/
459,魔法达人(53),6,53,56,5300,235|200000/406|20000/2|500/730|2/
460,魔法达人(54),6,54,56,5400,235|200000/406|20000/2|500/730|2/
461,魔法达人(55),6,55,56,5500,235|200000/406|20000/2|500/730|2/
462,魔法达人(56),6,56,56,5600,235|200000/406|20000/2|500/730|2/
463,魔法达人(57),6,57,56,5700,235|200000/406|20000/2|500/730|2/
464,魔法达人(58),6,58,56,5800,235|200000/406|20000/2|500/730|2/
465,魔法达人(59),6,59,56,5900,235|200000/406|20000/2|500/730|2/
466,魔法达人(60),6,60,56,6000,235|200000/406|20000/2|500/730|2/
467,道术达人(21),7,21,58,2100,236|200000/406|20000/2|500/730|2/
468,道术达人(22),7,22,58,2200,236|200000/406|20000/2|500/730|2/
469,道术达人(23),7,23,58,2300,236|200000/406|20000/2|500/730|2/
470,道术达人(24),7,24,58,2400,236|200000/406|20000/2|500/730|2/
471,道术达人(25),7,25,58,2500,236|200000/406|20000/2|500/730|2/
472,道术达人(26),7,26,58,2600,236|200000/406|20000/2|500/730|2/
473,道术达人(27),7,27,58,2700,236|200000/406|20000/2|500/730|2/
474,道术达人(28),7,28,58,2800,236|200000/406|20000/2|500/730|2/
475,道术达人(29),7,29,58,2900,236|200000/406|20000/2|500/730|2/
476,道术达人(30),7,30,58,3000,236|200000/406|20000/2|500/487|1/
477,道术达人(31),7,31,58,3100,236|200000/406|20000/2|500/730|2/
478,道术达人(32),7,32,58,3200,236|200000/406|20000/2|500/730|2/
479,道术达人(33),7,33,58,3300,236|200000/406|20000/2|500/730|2/
480,道术达人(34),7,34,58,3400,236|200000/406|20000/2|500/730|2/
481,道术达人(35),7,35,58,3500,236|200000/406|20000/2|500/730|2/
482,道术达人(36),7,36,58,3600,236|200000/406|20000/2|500/730|2/
483,道术达人(37),7,37,58,3700,236|200000/406|20000/2|500/730|2/
484,道术达人(38),7,38,58,3800,236|200000/406|20000/2|500/730|2/
485,道术达人(39),7,39,58,3900,236|200000/406|20000/2|500/730|2/
486,道术达人(40),7,40,58,4000,236|200000/406|20000/2|500/730|2/
487,道术达人(41),7,41,58,4100,236|200000/406|20000/2|500/730|2/
488,道术达人(42),7,42,58,4200,236|200000/406|20000/2|500/730|2/
489,道术达人(43),7,43,58,4300,236|200000/406|20000/2|500/730|2/
490,道术达人(44),7,44,58,4400,236|200000/406|20000/2|500/730|2/
491,道术达人(45),7,45,58,4500,236|200000/406|20000/2|500/730|2/
492,道术达人(46),7,46,58,4600,236|200000/406|20000/2|500/730|2/
493,道术达人(47),7,47,58,4700,236|200000/406|20000/2|500/730|2/
494,道术达人(48),7,48,58,4800,236|200000/406|20000/2|500/730|2/
495,道术达人(49),7,49,58,4900,236|200000/406|20000/2|500/730|2/
496,道术达人(50),7,50,58,5000,236|200000/406|20000/2|500/730|2/
497,道术达人(51),7,51,58,5100,236|200000/406|20000/2|500/730|2/
498,道术达人(52),7,52,58,5200,236|200000/406|20000/2|500/730|2/
499,道术达人(53),7,53,58,5300,236|200000/406|20000/2|500/730|2/
500,道术达人(54),7,54,58,5400,236|200000/406|20000/2|500/730|2/
501,道术达人(55),7,55,58,5500,236|200000/406|20000/2|500/730|2/
502,道术达人(56),7,56,58,5600,236|200000/406|20000/2|500/730|2/
503,道术达人(57),7,57,58,5700,236|200000/406|20000/2|500/730|2/
504,道术达人(58),7,58,58,5800,236|200000/406|20000/2|500/730|2/
505,道术达人(59),7,59,58,5900,236|200000/406|20000/2|500/730|2/
506,道术达人(60),7,60,58,6000,236|200000/406|20000/2|500/730|2/
507,防御达人(21),8,21,60,1100,238|200000/406|20000/2|500/730|2/
508,防御达人(22),8,22,60,1200,238|200000/406|20000/2|500/730|2/
509,防御达人(23),8,23,60,1300,238|200000/406|20000/2|500/730|2/
510,防御达人(24),8,24,60,1400,238|200000/406|20000/2|500/730|2/
511,防御达人(25),8,25,60,1500,238|200000/406|20000/2|500/730|2/
512,防御达人(26),8,26,60,1600,238|200000/406|20000/2|500/730|2/
513,防御达人(27),8,27,60,1700,238|200000/406|20000/2|500/730|2/
514,防御达人(28),8,28,60,1800,238|200000/406|20000/2|500/730|2/
515,防御达人(29),8,29,60,1900,238|200000/406|20000/2|500/730|2/
516,防御达人(30),8,30,60,2000,238|200000/406|20000/2|500/730|2/
517,防御达人(31),8,31,60,2100,238|200000/406|20000/2|500/730|2/
518,防御达人(32),8,32,60,2200,238|200000/406|20000/2|500/730|2/
519,防御达人(33),8,33,60,2300,238|200000/406|20000/2|500/730|2/
520,防御达人(34),8,34,60,2400,238|200000/406|20000/2|500/730|2/
521,防御达人(35),8,35,60,2500,238|200000/406|20000/2|500/730|2/
522,防御达人(36),8,36,60,2600,238|200000/406|20000/2|500/730|2/
523,防御达人(37),8,37,60,2700,238|200000/406|20000/2|500/730|2/
524,防御达人(38),8,38,60,2800,238|200000/406|20000/2|500/730|2/
525,防御达人(39),8,39,60,2900,238|200000/406|20000/2|500/730|2/
526,防御达人(40),8,40,60,3000,238|200000/406|20000/2|500/730|2/
527,防御达人(41),8,41,60,3100,238|200000/406|20000/2|500/730|2/
528,防御达人(42),8,42,60,3200,238|200000/406|20000/2|500/730|2/
529,防御达人(43),8,43,60,3300,238|200000/406|20000/2|500/730|2/
530,防御达人(44),8,44,60,3400,238|200000/406|20000/2|500/730|2/
531,防御达人(45),8,45,60,3500,238|200000/406|20000/2|500/730|2/
532,防御达人(46),8,46,60,3600,238|200000/406|20000/2|500/730|2/
533,防御达人(47),8,47,60,3700,238|200000/406|20000/2|500/730|2/
534,防御达人(48),8,48,60,3800,238|200000/406|20000/2|500/730|2/
535,防御达人(49),8,49,60,3900,238|200000/406|20000/2|500/730|2/
536,防御达人(50),8,50,60,4000,238|200000/406|20000/2|500/730|2/
537,防御达人(51),8,51,60,4100,238|200000/406|20000/2|500/730|2/
538,防御达人(52),8,52,60,4200,238|200000/406|20000/2|500/730|2/
539,防御达人(53),8,53,60,4300,238|200000/406|20000/2|500/730|2/
540,防御达人(54),8,54,60,4400,238|200000/406|20000/2|500/730|2/
541,防御达人(55),8,55,60,4500,238|200000/406|20000/2|500/730|2/
542,防御达人(56),8,56,60,4600,238|200000/406|20000/2|500/730|2/
543,防御达人(57),8,57,60,4700,238|200000/406|20000/2|500/730|2/
544,防御达人(58),8,58,60,4800,238|200000/406|20000/2|500/730|2/
545,防御达人(59),8,59,60,4900,238|200000/406|20000/2|500/730|2/
546,防御达人(60),8,60,60,5000,238|200000/406|20000/2|500/730|2/
547,魔防达人(21),9,21,62,1100,239|200000/406|20000/2|500/730|2/
548,魔防达人(22),9,22,62,1200,239|200000/406|20000/2|500/730|2/
549,魔防达人(23),9,23,62,1300,239|200000/406|20000/2|500/730|2/
550,魔防达人(24),9,24,62,1400,239|200000/406|20000/2|500/730|2/
551,魔防达人(25),9,25,62,1500,239|200000/406|20000/2|500/730|2/
552,魔防达人(26),9,26,62,1600,239|200000/406|20000/2|500/730|2/
553,魔防达人(27),9,27,62,1700,239|200000/406|20000/2|500/730|2/
554,魔防达人(28),9,28,62,1800,239|200000/406|20000/2|500/730|2/
555,魔防达人(29),9,29,62,1900,239|200000/406|20000/2|500/730|2/
556,魔防达人(30),9,30,62,2000,239|200000/406|20000/2|500/730|2/
557,魔防达人(31),9,31,62,2100,239|200000/406|20000/2|500/730|2/
558,魔防达人(32),9,32,62,2200,239|200000/406|20000/2|500/730|2/
559,魔防达人(33),9,33,62,2300,239|200000/406|20000/2|500/730|2/
560,魔防达人(34),9,34,62,2400,239|200000/406|20000/2|500/730|2/
561,魔防达人(35),9,35,62,2500,239|200000/406|20000/2|500/730|2/
562,魔防达人(36),9,36,62,2600,239|200000/406|20000/2|500/730|2/
563,魔防达人(37),9,37,62,2700,239|200000/406|20000/2|500/730|2/
564,魔防达人(38),9,38,62,2800,239|200000/406|20000/2|500/730|2/
565,魔防达人(39),9,39,62,2900,239|200000/406|20000/2|500/730|2/
566,魔防达人(40),9,40,62,3000,239|200000/406|20000/2|500/730|2/
567,魔防达人(41),9,41,62,3100,239|200000/406|20000/2|500/730|2/
568,魔防达人(42),9,42,62,3200,239|200000/406|20000/2|500/730|2/
569,魔防达人(43),9,43,62,3300,239|200000/406|20000/2|500/730|2/
570,魔防达人(44),9,44,62,3400,239|200000/406|20000/2|500/730|2/
571,魔防达人(45),9,45,62,3500,239|200000/406|20000/2|500/730|2/
572,魔防达人(46),9,46,62,3600,239|200000/406|20000/2|500/730|2/
573,魔防达人(47),9,47,62,3700,239|200000/406|20000/2|500/730|2/
574,魔防达人(48),9,48,62,3800,239|200000/406|20000/2|500/730|2/
575,魔防达人(49),9,49,62,3900,239|200000/406|20000/2|500/730|2/
576,魔防达人(50),9,50,62,4000,239|200000/406|20000/2|500/730|2/
577,魔防达人(51),9,51,62,4100,239|200000/406|20000/2|500/730|2/
578,魔防达人(52),9,52,62,4200,239|200000/406|20000/2|500/730|2/
579,魔防达人(53),9,53,62,4300,239|200000/406|20000/2|500/730|2/
580,魔防达人(54),9,54,62,4400,239|200000/406|20000/2|500/730|2/
581,魔防达人(55),9,55,62,4500,239|200000/406|20000/2|500/730|2/
582,魔防达人(56),9,56,62,4600,239|200000/406|20000/2|500/730|2/
583,魔防达人(57),9,57,62,4700,239|200000/406|20000/2|500/730|2/
584,魔防达人(58),9,58,62,4800,239|200000/406|20000/2|500/730|2/
585,魔防达人(59),9,59,62,4900,239|200000/406|20000/2|500/730|2/
586,魔防达人(60),9,60,62,5000,239|200000/406|20000/2|500/730|2/
587,巅峰奖励,1,16,202,10,356|10/404|200000/407|50000/408|50000/
588,巅峰之路(1),1,17,201,500,570|50/404|200000/407|50000/408|50000/
589,巅峰之路(2),1,18,201,600,570|100/404|200000/407|50000/408|50000/
590,巅峰之路(3),1,19,201,700,570|150/404|200000/407|50000/408|50000/
591,巅峰之路(4),1,20,201,800,570|200/404|200000/407|50000/408|50000/
592,巅峰之路(5),1,21,201,900,570|250/404|200000/407|50000/408|50000/
593,幻境达人(201),3,201,208,2100,404|200000/407|150000/408|150000/
594,幻境达人(202),3,202,208,2200,404|200000/407|150000/408|150000/
595,幻境达人(203),3,203,208,2300,404|200000/407|150000/408|150000/
596,幻境达人(204),3,204,208,2400,404|200000/407|150000/408|150000/
597,幻境达人(205),3,205,208,2500,404|200000/407|150000/408|150000/
598,幻境达人(206),3,206,208,2600,404|200000/407|150000/408|150000/
599,幻境达人(207),3,207,208,2700,404|200000/407|150000/408|150000/
600,幻境达人(208),3,208,208,2800,404|200000/407|150000/408|150000/
601,幻境达人(209),3,209,208,2900,404|200000/407|150000/408|150000/
602,幻境达人(210),3,210,208,3000,404|200000/407|150000/408|150000/
603,幻境达人(211),3,211,208,3100,404|200000/407|150000/408|150000/
604,幻境达人(212),3,212,208,3200,404|200000/407|150000/408|150000/
605,幻境达人(213),3,213,208,3300,404|200000/407|150000/408|150000/
606,幻境达人(214),3,214,208,3400,404|200000/407|150000/408|150000/
607,幻境达人(215),3,215,208,3500,404|200000/407|150000/408|150000/
608,幻境达人(216),3,216,208,3600,404|200000/407|150000/408|150000/
609,幻境达人(217),3,217,208,3700,404|200000/407|150000/408|150000/
610,幻境达人(218),3,218,208,3800,404|200000/407|150000/408|150000/
611,幻境达人(219),3,219,208,3900,404|200000/407|150000/408|150000/
612,幻境达人(220),3,220,208,4000,404|200000/407|150000/408|150000/
613,幻境达人(221),3,221,208,4100,404|200000/407|150000/408|150000/
614,幻境达人(222),3,222,208,4200,404|200000/407|150000/408|150000/
615,幻境达人(223),3,223,208,4300,404|200000/407|150000/408|150000/
616,幻境达人(224),3,224,208,4400,404|200000/407|150000/408|150000/
617,幻境达人(225),3,225,208,4500,404|200000/407|150000/408|150000/
618,幻境达人(226),3,226,208,4600,404|200000/407|150000/408|150000/
619,幻境达人(227),3,227,208,4700,404|200000/407|150000/408|150000/
620,幻境达人(228),3,228,208,4800,404|200000/407|150000/408|150000/
621,幻境达人(229),3,229,208,4900,404|200000/407|150000/408|150000/
622,幻境达人(230),3,230,208,5000,404|200000/407|150000/408|150000/
