id,name,picture,pirce,aclass,bclass,cclass,overlap,weight,lvl,d2,e2,a1,a2,d1,e1,job,b2,c2,c1,b1,need,present,hp,mp,met,f1,exp,fj
1,金币,116,100,,,,,,,,,,,,,,,,,,,,,,,,,
2,元宝,1121,1000,,,,,,,,,,,,,,,,,,,,,,,,,
3,经验,1187,,,,,,,,,,,,,,,,,,,,,,,,,,
4,声望,1186,,,,,,,,,,,,,,,,,,,,,,,,,,
5,战功,1137,,,,,,,,,,,,,,,,,,,,,,,,,,
6,累冲,861,,,,,,,,,,,,,,,,,,,,,,,,,,
7,红包,1019,,,,,,,,,,,,,,,,,,,,,,,,,,
8,积分,1134,,,,,,,,,,,,,,,,,,,,,,,,,,
9,储备经验,1689,,,,,,,,,,,,,,,,,,,,,,,,,,
10,推广币,1336,,,,,,,,,,,,,,,,,,,,,,,,,,
11,肉,2,150,道具,任务,肉,99999,3,,,,,,,,,,,,,,,,,,,,
12,干肉,6,200,道具,任务,肉,99999,1,,,,,,,,,,,,,,,,,,,,
13,鸡肉,14,100,道具,任务,肉,99999,1,,,,,,,,,,,,,,,,,,,,
14,布衣(男),61,400,装备,衣服,1,,5,1,2,1,,,,,,,,,,,,,,,,,
15,布衣(女),81,400,装备,衣服,2,,5,1,2,1,,,,,,,,,,,,,,,,,
16,木剑,31,50,装备,武器,,,7,1,,,2,5,,,,,,,,,,,,,,,
17,铁剑,37,1000,装备,武器,,,10,10,,,5,9,,,,,,,,,,,,,,,
18,青铜剑,32,900,装备,武器,,,9,5,,,3,7,,,,,,,,,,,,,,,
19,轻型盔甲(男),62,3000,装备,衣服,1,,8,11,3,2,,,3,1,,,,,,,,,,,,,
20,轻型盔甲(女),82,3000,装备,衣服,2,,8,11,3,2,,,3,1,,,,,,,,,,,,,
21,凝霜,46,8000,装备,武器,,,20,25,,,10,13,,,,,,,,,,,,,,,
22,蜡烛,131,10,装备,勋章,,,1,,,,,,,,,,,,,,,,,,,,
23,短剑,34,1000,装备,武器,,,9,10,,,3,11,,,,,,,,,,,,,,,
24,青铜斧,33,1500,装备,武器,,,10,13,,,,15,,,,,,,,,,,,,,,
25,重盔甲(女),83,10000,装备,衣服,2,,23,22,7,3,,,4,2,1,,,,,,,,,,,,
26,魔法长袍(女),84,200,装备,衣服,2,,12,22,5,4,,,3,3,2,2,,,,,,,,,,,
27,灵魂战衣(女),85,9091,装备,衣服,2,,15,22,6,3,,,3,3,3,,2,,,,,,,,,,
28,重盔甲(男),63,10000,装备,衣服,1,,23,22,7,3,,,4,2,1,,,,,,,,,,,,
29,魔法长袍(男),64,9091,装备,衣服,1,,12,22,5,4,,,3,3,2,2,,,,,,,,,,,
30,灵魂战衣(男),65,9091,装备,衣服,1,,15,22,6,3,,,3,3,3,,2,,,,,,,,,,
31,匕首,36,500,装备,武器,,,5,1,,,4,5,,,,,,,,,,,,,,,
32,井中月,49,30000,装备,武器,,,58,28,,,7,22,,,,,,,,,,,,,,,
33,银蛇,39,15000,装备,武器,,,26,26,1,,7,14,,,,,3,1,,,,,,,,,
34,海魂,40,3000,装备,武器,,,12,15,,,3,10,,,,2,,,1,,,,,,,,
35,修罗,41,10000,装备,武器,,,40,22,,,,20,,,,,,,,,,,,,,,
36,炼狱,42,20000,装备,武器,,,60,26,,,,25,,,,,,,,,,,,,,,
37,凌风,35,4545,装备,武器,,,20,19,,,6,12,,,,,,,,,,,,,,,
38,破魂,52,5000,装备,武器,,,8,20,2,,8,10,,,,,,,,,,,,,,,
39,斩马刀,38,6000,装备,武器,,,27,20,,,5,15,,,,,,,,,,,,,,,
40,古铜戒指,146,500,装备,戒指,,,1,3,,,,1,,,,,,,,,,,,,,,
41,青铜头盔,101,909,装备,头盔,,,4,10,1,,,,,,,,,,,,,,,,,,
42,金项链,223,500,装备,项链,,,1,2,,1,,1,,,,,,,,,,,,,,,
43,铁手镯,181,800,装备,手镯,,,1,3,1,,,,,,,,,,,,,,,,,,
44,乌木剑,44,3636,装备,武器,,,8,1,,,4,8,,,,1,,,,,,,,,,,
45,魔杖,43,15000,装备,武器,,,10,26,,,5,9,,,,5,,,2,,,,,,,,
46,八荒,45,4545,装备,武器,,,25,15,,,4,12,,,,,,,,,,,,,,,
47,玻璃戒指,144,800,装备,戒指,,,1,7,,,,,,,,,1,,,,,,,,,,
48,牛角戒指,141,1000,装备,戒指,,,1,9,,1,,1,,,,,,,,,,,,,,,
49,蓝色水晶戒指,143,1500,装备,戒指,,,1,16,,2,1,,,,,,,,,,,,,,,,
50,六角戒指,145,800,装备,戒指,,,1,7,,,,,,,,1,,,,,,,,,,,
51,黑檀项链,221,1200,装备,项链,,,1,13,,,,,,,,,,,1,,,,,,,,
52,黄色水晶项链,222,1200,装备,项链,,,1,13,,,,,,,,,,1,,,,,,,,,
53,黑色水晶项链,226,1500,装备,项链,,,1,13,,,1,,,,,,,,,,,,,,,,
54,魔法头盔,101,1818,装备,头盔,,,4,14,1,1,,,,1,,,,,,,,,,,,,
55,半月,47,3000,装备,武器,,,16,15,,,5,10,,,,1,1,1,,,,,,,,,
56,皮制手套,191,1500,装备,手镯,,,2,7,1,,,,,,,,,,,,,,,,,,
57,坚固手套,192,6364,装备,手镯,,,3,18,2,,,,,,,,,,,,,,,,,,
58,钢手镯,181,1818,装备,手镯,,,1,8,1,1,,,,,,,,,,,,,,,,,
59,生铁戒指,142,2727,装备,戒指,,,1,9,2,,,,,,,1,,,,2,,,,,,,
60,金戒指,149,7273,装备,戒指,,,1,20,,3,1,1,,,,1,1,1,1,,,,,,,,
61,灯笼项链,234,2727,装备,项链,,,1,18,1,,1,,,,,,,,,,,,,,,,
62,白色虎齿项链,231,3636,装备,项链,,,1,11,2,,,,,,,,1,1,,3,,,,,,,
63,魅力戒指,160,3636,装备,戒指,,,1,23,,,,,,,,2,,,1,,,,,,,,
64,道德戒指,154,3636,装备,戒指,,,1,23,,,,,,,,,2,1,,,,,,,,,
65,白金项链,232,1818,装备,项链,,,1,10,,,,,,,,2,,,,2,,,,,,,
66,降妖除魔戒指,153,8000,装备,戒指,,,1,25,,4,1,2,,,,2,2,1,1,,,,,,,,
67,躲避手链,239,20000,装备,项链,,,1,12,,3,,,,,,,,,,3,,,,,,,
68,偃月,50,9091,装备,武器,,,13,20,,,4,10,,,,3,,,1,,,,,,,,
69,降魔,48,9091,装备,武器,,,20,20,1,,6,11,,,,,2,1,,,,,,,,,
70,传统项链,238,1000,装备,项链,,,1,3,1,,,,,,,,,,,,,,,,,,
71,小手镯,193,1000,装备,手镯,,,1,5,,1,,,,,,,,,,,,,,,,,
72,银手镯,203,1500,装备,手镯,,,2,7,,1,,,,,,,,,,,,,,,,,
73,大手镯,204,4545,装备,手镯,,,2,9,1,,,,1,,,,,,,,,,,,,,
74,鹤嘴锄,51,700,装备,武器,,,10,1,,,,8,,,,,,,,,,,,,,,
75,隐身戒指,175,20000,装备,戒指,隐身,,1,12,,2,,,,,,,,,,,,,,,,,
76,黑色水晶戒指,164,1818,装备,戒指,,,1,20,,,,2,,,,,,,,,,,,,,,
77,魔鬼项链,236,2500,装备,项链,,,1,17,,,2,,,,,,,,,,,,,,,,
78,珊瑚戒指,165,10000,装备,戒指,,,1,25,,,,4,,,,,,,,,,,,,,,
79,蓝翡翠项链,247,9091,装备,项链,,,1,23,,,2,2,,,,,,,,,,,,,,,
80,蛇眼戒指,166,1818,装备,戒指,,,1,20,,,,,,,,2,,,,,,,,,,,
81,琥珀项链,237,1818,装备,项链,,,1,17,,,,,,,,,,,2,,,,,,,,
82,放大镜,246,6000,装备,项链,,,1,24,,,,,,,,3,,,1,,,,,,,,
83,红宝石戒指,167,10000,装备,戒指,,,1,27,,,,,,,,4,,,,2,,,,,,,
84,珍珠戒指,162,1818,装备,戒指,,,1,20,,,,,,,,,2,,,,,,,,,,
85,竹笛,243,6000,装备,项链,,,1,24,,,,,,,,,3,1,,,,,,,,,
86,铂金戒指,174,10000,装备,戒指,,,1,27,,,,,,,,,4,,,3,,,,,,,
87,骷髅戒指,178,4545,装备,戒指,,,1,30,,,,3,,,,,,,,1,,,,,,,
88,龙之戒指,170,15000,装备,戒指,,,1,37,,,,5,,,,,,,,1,,,,,,,
89,死神手套,189,8000,装备,手镯,,,2,22,,,1,2,,,,,,,,,,,,,,,
90,骷髅头盔,104,7273,装备,头盔,,,5,30,3,,,,2,,,,,,,1,,,,,,,
91,魔法手镯,206,4000,装备,手镯,,,1,18,1,2,,,,1,,,,,,,,,,,,,
92,金手镯,208,6364,装备,手镯,,,1,23,,3,,1,,2,,,,,,,,,,,,,
93,道士头盔,107,5000,装备,头盔,,,3,24,2,3,,,1,2,,,,,,,,,,,,,
94,传送戒指,173,20000,装备,戒指,,,1,12,,,,,,,,,,,,,,,,,,,
95,骑士手镯,210,15000,装备,手镯,,,1,39,,,2,2,,,,,,,,1,,,,,,,
96,绿色项链,241,20000,装备,项链,,,1,37,,,2,5,,,,,,,,1,,,,,,,
97,凤凰明珠,244,1818,装备,项链,,,1,17,1,,,,,,,,2,1,,,,,,,,,
98,道士手镯,199,3636,装备,手镯,,,1,19,,,,,,,,,1,,,,,,,,,,
99,三眼手镯,209,10000,装备,手镯,,,1,22,1,,,,1,,,,3,1,,3,,,,,,,
100,灵魂项链,240,18000,装备,项链,,,1,23,2,,,,,,,,6,1,,3,,,,,,,
101,黑檀手镯,212,3636,装备,手镯,,,1,19,,,,,,,,1,,,,,,,,,,,
102,思贝儿手镯,211,10000,装备,手镯,,,1,26,,,,,,,,2,,,,,,,,,,,
103,恶魔铃铛,245,18000,装备,项链,,,1,27,2,,,,,,,7,,,,2,,,,,,,
104,麻痹戒指,169,20000,装备,戒指,麻痹,,1,16,,,,1,,,,,,,,,,,,,,,
105,复活戒指,176,20000,装备,戒指,复活,,1,16,1,1,,,,,,,,,,,,,,,,,
106,火焰戒指,172,20000,装备,戒指,,,1,16,,,,,,,,2,,,1,,,,,,,,
107,防御戒指,168,20000,装备,戒指,,,1,16,,,,,,,,,2,1,,,,,,,,,
108,求婚戒指,171,20000,装备,戒指,,,1,16,,,,,,,,,,,,,,,,,,,
109,护身戒指,177,20000,装备,戒指,护身,,1,16,1,,,,,,,,,,,,,,,,,,
110,超负载戒指,171,20000,装备,戒指,,,1,16,,,,1,,,,,,,,,,,,,,,
111,技巧项链,242,20000,装备,戒指,,,1,16,,,,,,,,,,,,,,,,,,,
112,狂风戒指,163,20000,装备,戒指,,,1,16,,,,1,1,,,,,,,,,,,,,,
113,夏普儿手镯,205,20000,装备,手镯,,,1,16,2,,,,,,,,,,,,,,,,,,
114,狂风项链,229,20000,装备,项链,,,1,19,,,,1,2,,,,,,,,,,,,,,
115,避邪手镯,201,20000,装备,手镯,,,1,19,,2,,,,,,,,,,,,,,,,,
116,探测项链,249,20000,装备,项链,,,1,1,,,,,,,,,,,,,,,,,,,
117,无极棍,53,40000,装备,武器,,,15,25,,,8,16,,,,,5,3,,3,,,,,,,
118,血饮,54,40000,装备,武器,,,12,27,5,,6,16,,,,5,,,3,2,,,,,,,
119,裁决之杖,56,50000,装备,武器,,,80,30,,,,30,,,,,,,,,,,,,,,
120,记忆戒指,179,10000,装备,戒指,,,1,26,,,,,,,,,3,1,,,,,,,,,
121,记忆项链,248,10000,装备,项链,,,1,26,,,2,4,,,,,,,,,,,,,,,
122,记忆手镯,213,10000,装备,手镯,,,1,26,,,,,,,,1,,,1,,,,,,,,
123,记忆头盔,110,10000,装备,头盔,,,7,26,3,,,,3,,,,,,,,,,,,,,
124,祈祷之刃,55,30000,装备,武器,,,10,20,3,1,8,20,,,,,,,,,,,,,,,
125,祈祷手镯,214,10000,装备,手镯,,,1,15,,,,2,,,,,,,,,,,,,,,
126,祈祷项链,250,10000,装备,项链,,,1,15,,,,,,,,,4,,,,,,,,,,
127,祈祷戒指,180,10000,装备,戒指,,,1,15,,,,,,,,5,,,1,,,,,,,,
128,祈祷头盔,111,20000,装备,头盔,,,2,18,4,2,,,3,1,,,,,,,,,,,,,
129,生命项链,321,10000,装备,项链,,,1,25,1,,,,,,,5,,,1,2,,,,,,,
130,力量戒指,337,20000,装备,戒指,,,3,46,,,,6,,,,,,,,1,,,,,,,
131,心灵手镯,329,13000,装备,手镯,,,1,24,,,,,,,,,2,1,,3,,,,,,,
132,黑铁头盔,345,40000,装备,头盔,,,20,46,5,3,,,4,2,,,,,,1,,,,,,,
133,命运之刃,66,23000,装备,武器,,,48,35,,,12,30,,,,,,,,,,,,,,,
134,屠龙,58,60000,装备,武器,,,99,34,2,,5,35,,,,,,,,,,,,,,,
135,骨玉权杖,60,50000,装备,武器,,,20,35,,,6,12,,,,6,,,2,,,,,,,,
136,龙纹剑,57,50000,装备,武器,,,40,35,,,8,20,,,,,8,3,,,,,,,,,
137,嗜魂法杖,59,50000,装备,武器,,,26,35,,,6,13,,,,30,,,2,,,,,,,,
138,火把,132,500,装备,勋章,,,3,,,,,,,,,,,,,,,,,,,,
139,头盔,106,10,装备,头盔,,,5,1,,,,,,,,,,,,,,,,,,,
140,紫碧螺,184,15000,装备,戒指,,,2,24,,,,,,,,5,,,,2,,,,,,,
141,泰坦戒指,183,15000,装备,戒指,,,3,24,,,,,,,,,6,2,,3,,,,,,,
142,幽灵手套,187,8000,装备,手镯,,,5,25,3,,,,,,,,,,,,,,,,,,
143,阎罗手套,188,10000,装备,手镯,,,10,30,4,,,,,,,,,,,,,,,,,,
144,龙之手镯,215,12000,装备,手镯,,,3,28,,,,,,,,3,,,,2,,,,,,,
145,天珠项链,219,10000,装备,项链,,,1,22,,,,,,,,,5,1,,3,,,,,,,
146,幽灵项链,220,10000,装备,项链,,,1,24,,,,5,,,,,,,,,,,,,,,
147,神秘戒指,182,1000,装备,戒指,,,1,18,,,,,,,,,,,,,,,,,,,
148,神秘腰带,216,1000,装备,手镯,,,1,18,,,,,,,,,,,,,,,,,,,
149,神秘头盔,112,1000,装备,头盔,,,10,18,,,,,,,,,,,,,,,,,,,
150,魔力手镯,291,7273,装备,手镯,,,2,20,,,,1,,,,,,,,,,,,,,,
151,赤血魔剑,67,100000,装备,武器,,,22,35,,,15,10,,,,7,30,2,1,,,,,,,,
152,魔血戒指,431,10000,装备,戒指,,,2,33,,,1,5,3,,,,,1,,,,,,,,,
153,魔血手镯,430,10000,装备,手镯,,,2,33,,,1,1,3,,,,3,1,,,,,,,,,
154,魔血项链,429,10000,装备,项链,,,2,33,,,,,2,,,6,,,1,,,,,,,,
155,虹魔戒指,434,10000,装备,戒指,,,2,33,,,,,,3,,4,,,1,,,,,,,,
156,虹魔手镯,435,10000,装备,手镯,,,2,33,,,2,1,,3,,,,,,,,,,,,,
157,虹魔项链,433,10000,装备,项链,,,2,33,,,1,3,,2,,,5,1,,,,,,,,,
158,战神盔甲(男),63,35000,装备,衣服,1,,45,46,9,5,,,5,3,1,,,,,1,,,,,,,
159,战神盔甲(女),83,35000,装备,衣服,2,,45,46,9,5,,,5,3,1,,,,,1,,,,,,,
160,幽灵战衣(男),65,35000,装备,衣服,1,,26,27,7,3,,,4,3,3,,4,1,,3,,,,,,,
161,幽灵战衣(女),85,35000,装备,衣服,2,,26,27,7,3,,,4,3,3,,4,1,,3,,,,,,,
162,恶魔长袍(男),64,35000,装备,衣服,1,,19,28,7,4,,,4,3,2,4,,,1,2,,,,,,,
163,恶魔长袍(女),84,35000,装备,衣服,2,,19,28,7,4,,,4,3,2,4,,,1,2,,,,,,,
164,中型盔甲(男),62,5500,装备,衣服,1,,18,16,5,2,,,3,1,,,,,,,,,,,,,
165,中型盔甲(女),82,5500,装备,衣服,2,,18,16,5,2,,,3,1,,,,,,,,,,,,,
166,圣战头盔,105,20000,装备,头盔,,,20,40,5,5,,2,4,2,,,,,,1,,,,,,,
167,圣战项链,230,20000,装备,项链,,,2,40,,,3,6,,,,,,,,1,,,,,,,
168,圣战手镯,197,20000,装备,手镯,,,2,40,1,,2,3,,,,,,,,1,,,,,,,
169,圣战戒指,148,20000,装备,戒指,,,2,40,,1,,7,,,,,,,,1,,,,,,,
170,法神头盔,102,20000,装备,头盔,,,2,28,5,3,,,4,2,,2,,,,2,,,,,,,
171,法神项链,227,20000,装备,项链,,,1,28,2,,,,1,,,8,,,1,2,,,,,,,
172,法神手镯,198,20000,装备,手镯,,,1,28,1,,,,,,,4,,,,2,,,,,,,
173,法神戒指,159,20000,装备,戒指,,,1,28,,1,,,,,,6,,,1,2,,,,,,,
174,天尊头盔,103,20000,装备,头盔,,,3,25,5,3,,,4,2,,,2,,,3,,,,,,,
175,天尊项链,235,20000,装备,项链,,,1,25,2,,,,1,,,,7,2,,3,,,,,,,
176,天尊手镯,196,20000,装备,手镯,,,1,25,2,,,,1,,,,4,1,,3,,,,,,,
177,天尊戒指,158,20000,装备,戒指,,,1,25,,1,,,,,,,7,2,,3,,,,,,,
178,罗刹,41,10000,装备,武器,,,3,1,,,15,,,,,,,2,2,,,,,,,,
179,祈福项链,219,100,装备,项链,,,1,22,,,1,5,,,,5,5,1,1,3,,,,,,,
180,怒斩,71,85000,装备,武器,,,85,56,3,,12,28,,,,,,,,1,,,,,,,
181,龙牙,70,85000,装备,武器,,,25,40,5,,10,18,,,,25,,,3,2,,,,,,,
182,逍遥扇,72,85000,装备,武器,,,45,45,5,,5,13,,,,,25,4,,3,,,,,,,
183,天魔神甲,86,35000,装备,衣服,1,,62,40,12,7,1,2,5,4,1,,,,,,,,,,,,
184,圣战宝甲,89,35000,装备,衣服,2,,62,40,12,7,1,2,5,4,1,,,,,,,,,,,,
185,法神披风,87,35000,装备,衣服,1,,21,40,9,6,,,4,4,2,5,,,2,,,,,,,,
186,霓裳羽衣,90,35000,装备,衣服,2,,21,40,9,6,,,4,4,2,5,,,2,,,,,,,,
187,天尊道袍,88,35000,装备,衣服,1,,37,40,9,6,,,4,4,3,,5,2,,,,,,,,,
188,天师长袍,91,35000,装备,衣服,2,,37,40,9,6,,,4,4,3,,5,2,,,,,,,,,
189,霸者之刃,66,80000,装备,武器,,,28,46,2,,6,32,,,,7,8,3,2,,,,,,,,
190,荣誉勋章1号,394,100,装备,勋章,,,1,10,1,1,,1,,,,1,1,,,,,,,,,,
191,荣誉勋章2号,394,100,装备,勋章,,,1,20,2,2,,2,,,,2,2,,,,,,,,,,
192,荣誉勋章3号,394,100,装备,勋章,,,1,25,3,3,,3,,,,3,3,,,,,,,,,,
193,荣誉勋章4号,394,100,装备,勋章,,,1,30,4,4,,4,,,,4,4,,,,,,,,,,
194,荣誉勋章5号,394,100,装备,勋章,,,1,35,5,5,,5,,,,5,5,,,,,,,,,,
195,荣誉勋章6号,394,100,装备,勋章,,,1,40,6,6,,6,,,,6,6,,,,,,,,,,
196,荣誉勋章11号,394,500,装备,勋章,,,1,10,1,,,,,,,,,,,,,,,,,,
197,荣誉勋章12号,394,500,装备,勋章,,,1,10,,1,,,,,,,,,,,,,,,,,
198,荣誉勋章13号,394,500,装备,勋章,,,1,10,,,,1,,,,,,,,,,,,,,,
199,荣誉勋章14号,394,500,装备,勋章,,,1,10,,,,,,,,1,,,,,,,,,,,
200,荣誉勋章15号,394,500,装备,勋章,,,1,10,,,,,,,,,1,,,,,,,,,,
201,荣誉勋章21号,394,1000,装备,勋章,,,1,20,2,,,,,,,,,,,,,,,,,,
202,荣誉勋章22号,394,1000,装备,勋章,,,1,20,,2,,,,,,,,,,,,,,,,,
203,荣誉勋章23号,394,1000,装备,勋章,,,1,20,,,,2,,,,,,,,,,,,,,,
204,荣誉勋章24号,394,1000,装备,勋章,,,1,20,,,,,,,,2,,,,,,,,,,,
205,荣誉勋章25号,394,1000,装备,勋章,,,1,20,,,,,,,,,2,,,,,,,,,,
206,荣誉勋章31号,394,1000,装备,勋章,,,1,30,2,,,,1,,,,,,,,,,,,,,
207,荣誉勋章32号,394,1000,装备,勋章,,,1,30,,2,,,,1,,,,,,,,,,,,,
208,荣誉勋章33号,394,1800,装备,勋章,,,1,30,,,1,2,,,,,,,,,,,,,,,
209,荣誉勋章34号,394,1800,装备,勋章,,,1,30,,,,,,,,2,,,1,,,,,,,,
210,荣誉勋章35号,394,1800,装备,勋章,,,1,30,,,,,,,,,2,1,,,,,,,,,
211,荣誉勋章41号,394,1800,装备,勋章,,,1,40,3,,,,1,,,,,,,,,,,,,,
212,荣誉勋章42号,394,1800,装备,勋章,,,1,40,,3,,,,1,,,,,,,,,,,,,
213,荣誉勋章43号,394,3000,装备,勋章,,,1,40,,,1,3,,,,,,,,,,,,,,,
214,荣誉勋章44号,394,3000,装备,勋章,,,1,40,,,,,,,,3,,,1,,,,,,,,
215,荣誉勋章45号,394,3000,装备,勋章,,,1,40,,,,,,,,,3,1,,,,,,,,,
216,战神油,3,1000,消耗,战神油,,9999999,1,,,,,,,,,,,,,,,,,,,,
217,祝福油,27,1000,消耗,祝福油,,9999999,1,,,,,,,,,,,,,,可以给武器增加幸运,,,,,,
218,修复油,28,800,消耗,修复油,,9999999,1,,,,,,,,,,,,,,,,,,,,
219,铜矿,287,10000,道具,矿石,,9999999,4,,,,,,,,,,,,,,回收价格1000金币,,,,,,
220,铁矿,282,20000,道具,矿石,,9999999,4,,,,,,,,,,,,,,回收价格2000金币,,,,,,
221,银矿,286,50000,道具,矿石,,9999999,4,,,,,,,,,,,,,,回收价格5000金币,,,,,,
222,金矿,281,100000,道具,矿石,,9999999,4,,,,,,,,,,,,,,回收价格10000金币,,,,,,
223,黑铁矿石,285,2000,道具,黑铁,矿,9999999,4,,,,,,,,,,,,,,升级装备所用到的矿石,,,,,,
224,金条,118,10000,消耗,属性,金币,9999999,10,,,,,,,,,,,,,,使用后获得100万金币,1,1000000,,,,
225,金砖,122,10000,消耗,属性,金币,9999999,52,,,,,,,,,,,,,,使用后获得500万金币,1,5000000,,,,
226,金盒,123,10000,消耗,属性,金币,9999999,110,,,,,,,,,,,,,,使用后获得1000万金币,1,10000000,,,,
227,龙骨刀,743,20000,装备,武器,,,12,35,,,,28,,,,6,5,,,,,,,,,,
228,龙骨甲(男),741,40000,装备,衣服,1,,20,35,9,5,1,1,4,3,,4,4,1,1,,,,,,,,
229,龙骨甲(女),742,40000,装备,衣服,2,,20,35,9,5,1,1,4,3,,4,4,1,1,,,,,,,,
230,龙骨盔,744,20000,装备,头盔,,,3,35,6,,,,5,,,,,,,,,,,,,,
231,龙骨链,228,20000,装备,项链,,,1,35,,,1,5,,,,6,6,,,,,,,,,,
232,龙骨镯,202,20000,装备,手镯,,,1,35,4,,,1,,,,1,1,,,,,,,,,,
233,龙骨戒,161,20000,装备,戒指,,,1,35,,,1,5,,,,4,5,1,1,,,,,,,,
234,强化攻击,1,1000,消耗,技能,,9999999,1,5,,,,,,,,,,,,,,1,1,,,,
235,强化魔法,1,1000,消耗,技能,,9999999,1,5,,,,,,,,,,,,,,2,1,,,,
236,强化道术,1,1000,消耗,技能,,9999999,1,5,,,,,,,,,,,,,,3,1,,,,
237,强化生命,1,1000,消耗,技能,,9999999,1,5,,,,,,,,,,,,,,4,1,,,,
238,强化防御,1,1000,消耗,技能,,9999999,1,5,,,,,,,,,,,,,,5,1,,,,
239,强化魔防,1,1000,消耗,技能,,9999999,1,5,,,,,,,,,,,,,,6,1,,,,
240,布鞋,561,10000,装备,靴子,,,1,15,1,,,,,,,,,,,,,,,,,,
241,鹿皮靴,562,10000,装备,靴子,,,1,22,2,,,,,,,,,,,,,,,,,,
242,紫绸靴,563,10000,装备,靴子,,,1,30,3,,,,,,,,,,,,,,,,,,
243,避魂靴,564,10000,装备,靴子,,,2,35,3,,,,1,,,,,,,,,,,,,,
244,兽皮腰带,551,20000,装备,腰带,,,1,15,1,,,,,,,,,,,,,,,,,,
245,铁腰带,552,20000,装备,腰带,,,1,22,2,,,,,,,,,,,,,,,,,,
246,青铜腰带,553,20000,装备,腰带,,,1,30,2,1,,,1,,,,,,,,,,,,,,
247,钢铁腰带,554,20000,装备,腰带,,,2,35,3,2,,,,,,,,,,,,,,,,,
248,战神项链,683,50000,装备,项链,,,3,,,2,1,10,,,,,,,,,,,,2,,,
249,战神手镯,677,50000,装备,手镯,,,3,,2,2,1,6,,,,,,,,,,,,2,,,
250,战神戒指,671,50000,装备,戒指,,,2,,,1,2,12,,,,,,,,,,,,2,,,
251,圣魔项链,684,50000,装备,项链,,,1,,,2,,,,,,10,,,1,,,,,2,,,
252,圣魔手镯,679,50000,装备,手镯,,,1,,2,2,,,,,,6,,,1,,,,,2,,,
253,圣魔戒指,673,50000,装备,戒指,,,1,,,1,,,,,,12,,,2,,,,,2,,,
254,真魂项链,685,50000,装备,项链,,,2,,2,,,,,,,,10,1,,,,,,2,,,
255,真魂手镯,681,50000,装备,手镯,,,1,,2,2,,,,,,,6,1,,,,,,2,,,
256,真魂戒指,675,50000,装备,戒指,,,1,,1,,,,,,,,12,2,,,,,,2,,,
257,雷霆项链,782,50000,装备,项链,,,1,,,,3,7,,,,,,,,,,,,1,,,
258,雷霆护腕,767,50000,装备,手镯,,,1,,2,2,1,4,,,,,,,,,,,,1,,,
259,雷霆战戒,774,50000,装备,戒指,,,1,,,,,8,,,,,,,,,,,,1,,,
260,雷霆腰带,762,20000,装备,腰带,,,2,,3,1,1,,2,,,,,,,,,,,1,,,
261,雷霆战靴,753,10000,装备,靴子,,,2,,3,1,1,,,,,,,,,,,,,1,,,
262,烈焰项链,776,50000,装备,项链,,,1,,3,,,,,,,9,,,1,,,,,1,,,
263,烈焰护腕,763,50000,装备,手镯,,,1,,2,,,,,,,4,,,2,,,,,1,,,
264,烈焰魔戒,772,50000,装备,戒指,,,2,,1,,,,,,,7,,,1,,,,,1,,,
265,烈焰魔靴,751,10000,装备,靴子,,,1,,3,,,,,,,,,,1,,,,,1,,,
266,烈焰腰带,760,20000,装备,腰带,,,3,,2,1,,,2,,,,,,1,,,,,1,,,
267,光芒项链,780,50000,装备,项链,,,1,,,2,,,,,,,8,2,,,,,,1,,,
268,光芒护腕,765,50000,装备,手镯,,,1,,3,,,,1,,,,4,2,,,,,,1,,,
269,光芒道戒,773,50000,装备,戒指,,,2,,2,,,,,,,,8,1,,,,,,1,,,
270,光芒道靴,752,10000,装备,靴子,,,1,,3,,,,2,,,,,1,,,,,,1,,,
271,光芒腰带,761,20000,装备,腰带,,,3,,2,1,,,2,,,,,1,,,,,,1,,,
272,雷霆战甲(男),598,50000,装备,衣服,1,,60,,15,16,5,8,10,9,1,,,,,,,,,4,,,
273,雷霆战甲(女),599,50000,装备,衣服,2,,60,,15,16,5,8,10,9,1,,,,,,,,,4,,,
274,烈焰魔衣(男),598,50000,装备,衣服,1,,20,,15,16,,,10,9,2,8,,,5,,,,,4,,,
275,烈焰魔衣(女),599,50000,装备,衣服,2,,20,,15,16,,,10,9,2,8,,,5,,,,,4,,,
276,光芒道袍(男),598,50000,装备,衣服,1,,35,,15,16,,,10,9,3,,8,5,,,,,,4,,,
277,光芒道袍(女),599,50000,装备,衣服,2,,35,,15,16,,,10,9,3,,8,5,,,,,,4,,,
278,凤天魔甲,597,40000,装备,衣服,1,,23,,12,12,3,5,8,8,,5,5,3,3,,,,,2,,,
279,凤天魔衣,607,40000,装备,衣服,2,,23,,12,12,3,5,8,8,,5,5,3,3,,,,,2,,,
280,开天,73,80000,装备,武器,,,73,,,,5,38,,,,,,,,,,,,1,,,
281,镇天,74,80000,装备,武器,,,26,,,,,,,,,38,,,5,,,,,1,,,
282,玄天,75,80000,装备,武器,,,44,,,,,,,,,,38,5,,,,,,1,,,
283,虎威戒指,511,50000,装备,,,,1,30,,2,,5,,,,,,,,,,,,,,,
284,狂战手镯,678,50000,装备,,,,1,37,,1,2,3,,,,,,,,,,,,,,,
285,狂战戒指,672,50000,装备,,,,1,37,1,,,7,,,,,,,,,,,,,,,
286,魔鬼戒指,512,50000,装备,,,,1,20,3,3,,,,1,,,,,,2,,,,,,,
287,魔鬼手镯,517,50000,装备,,,,1,33,2,,,,,,,3,,,1,,,,,,,,
288,天魔戒指,673,50000,装备,,,,1,32,,,,,,,,7,,,,2,,,,,,,
289,天魔手镯,679,50000,装备,,,,1,35,,2,,,,,,5,,,1,,,,,,,,
290,天魔项链,684,50000,装备,,,,1,40,,3,,,,,,9,,,,,,,,,,,
291,混世戒指,674,50000,装备,,,,1,37,1,,,,,,,6,,,,,,,,,,,
292,混世手镯,680,50000,装备,,,,1,37,2,,,,,,,4,,,2,,,,,,,,
293,雪玉戒指,514,50000,装备,,,,1,20,1,2,,,,,,,5,1,,3,,,,,,,
294,雪玉手镯,518,50000,装备,,,,1,33,2,,,,,,,,3,,,,,,,,,,
295,太极戒指,676,50000,装备,,,,1,30,,,,2,,,,,7,2,,3,,,,,,,
296,太极手镯,682,50000,装备,,,,2,37,3,,,,1,,,,4,2,,,,,,,,,
297,五玄戒指,532,20000,装备,,,,1,35,,1,,,,,,,,,5,,,,,,,,
298,五玄手镯,533,20000,装备,,,,1,33,2,2,,,,,,,,,,,,,,,,,
299,五玄项链,534,20000,装备,,,,1,35,,,,,,,,5,,,,,,,,,,,
300,破甲项链,541,20000,装备,,,,1,33,,,,5,,,,,,,,,,,,,,,
301,破甲手镯,542,20000,装备,,,,2,33,2,,,,,,,,,,,,,,,,,,
302,破甲戒指,543,20000,装备,,,,1,33,,,2,3,,,,,,,,,,,,,,,
303,灵玉项链,438,50000,装备,,,,1,33,,,,,,,,,5,,,,,,,,,,
304,灵玉手镯,437,50000,装备,,,,3,33,,,1,1,,,,,3,,,,,,,,,,
305,灵玉戒指,439,50000,装备,,,,2,33,,1,1,,,,,,,5,,,,,,,,,
306,无心宝石,581,5000,,,,,1,30,6,,,,1,,,,,,,,,,,,,,
307,魔法宝石,582,5000,,,,,1,32,,6,,,,1,,,,,,,,,,,,,
308,战神宝石,583,5000,,,,,1,34,,,1,6,,,,,,,,,,,,,,,
309,魔神宝石,584,5000,,,,,1,35,,,,,,,,6,,,1,,,,,,,,
310,道仙宝石,585,5000,,,,,1,38,,,,,,,,,6,1,,,,,,,,,
311,无敌宝石,586,5000,,,,,1,40,7,,,,1,,,,,,,,,,,,,,
312,法圣宝石,587,5000,,,,,1,42,,7,,,,1,,,,,,,,,,,,,
313,武神宝石,588,5000,,,,,1,43,,,1,7,,,,,,,,,,,,,,,
314,魔圣宝石,589,5000,,,,,1,45,,,,,,,,7,,,1,,,,,,,,
315,七星宝石,590,5000,,,,,1,48,,,,,,,,,7,1,,,,,,,,,
316,会员龙珠,2598,50000,装备,杂物,,,1,1,,,,,,,,,,,,,,50,25,,1,,
317,超级会员龙珠,2597,50000,装备,杂物,,,1,1,,,,,,,,,,,,,,100,50,,1,,
318,至尊会员龙珠,2599,50000,装备,杂物,,,1,1,,,,,,,,,,,,,,200,100,,1,,
319,BOSS卷轴,1123,5000,消耗,属性,BOSS卷,9999999,1,1,,,,,,,,,,,,,增加BOSS挑战次数1次,101,1,,,,
320,战书,2371,5000,消耗,属性,竞技场,9999999,1,1,,,,,,,,,,,,,增加竞技场挑战次数1次,102,1,,,,
321,会员(月),2611,50000,消耗,VIP,1,9999999,1,1,,,,,,,,,,,,,会员详情点击<br>每日福利-终身会员详情查看,1,30,,,,
322,会员(周),1134,50000,消耗,VIP,1,9999999,1,1,,,,,,,,,,,,,会员详情点击<br>每日福利-终身会员详情查看,1,7,,,,
323,会员(终身),2615,50000,消耗,VIP,1,9999999,1,1,,,,,,,,,,,,,<黄>累计充值满200元可买<br>只可以买一次<br><绿>赠送20张幻境重置卷<br>赠送2000张BOSS挑战卷<br>赠送20W书籍包(六种)<br>赠送20000黑铁矿石<br>,1,-1,,,,
324,超级会员(月),2611,50000,消耗,VIP,2,9999999,1,1,,,,,,,,,,,,,会员详情点击<br>每日福利-终身会员详情查看,2,30,,,,
325,超级会员(周),1134,50000,消耗,VIP,2,9999999,1,1,,,,,,,,,,,,,会员详情点击<br>每日福利-终身会员详情查看,2,7,,,,
326,超级会员(终身),2615,50000,消耗,VIP,2,9999999,1,1,,,,,,,,,,,,,<黄>累计充值满500元可买<br>只可以买一次<br><绿>赠送50张幻境重置卷<br>赠送5000张BOSS挑战卷<br>赠送50W书籍包(六种)<br>赠送50000黑铁矿石<br>,2,-1,,,,
327,至尊会员(月),2611,50000,消耗,VIP,3,9999999,1,1,,,,,,,,,,,,,会员详情点击<br>每日福利-终身会员详情查看,3,30,,,,
328,至尊会员(周),1134,50000,消耗,VIP,3,9999999,1,1,,,,,,,,,,,,,会员详情点击<br>每日福利-终身会员详情查看,3,7,,,,
329,至尊会员(终身),2615,50000,消耗,VIP,3,9999999,1,1,,,,,,,,,,,,,会员详情点击<br>每日福利-终身会员详情查看,3,-1,,,,
330,沃玛号角,262,5000,道具,行会,,,1,30,,,,,,,,,,,,,组建行会的必备道具,,,,,,
331,祖玛头像,272,5000,道具,行会,,,1,1,,,,,,,,,,,,,申请行会战的必备道具,,,,,,
332,紫宝矿石,284,5000,道具,任务,矿,9999999,4,,,,,,,,,,,,,,,,,,,,
333,1元宝,1121,5000,消耗,属性,,9999999,1,,,,,,,,,,,,,,使用后获得元宝,2,1,,,,
334,10元宝,1121,5000,消耗,属性,,9999999,1,,,,,,,,,,,,,,使用后获得元宝,2,10,,,,
335,100元宝,1121,5000,消耗,属性,,9999999,1,,,,,,,,,,,,,,使用后获得元宝,2,100,,,,
336,1000元宝,1121,5000,消耗,属性,,9999999,1,,,,,,,,,,,,,,使用后获得元宝,2,1000,,,,
337,幸运龙珠,2614,50000,装备,杂物,,,1,1,,,,,,,,,,,,,,,,,1,,
338,幸运雪莲,2620,50000,装备,杂物,,,1,1,,,,,,,,,,,,,,,,,1,500,
339,物资(千),461,1000,道具,任务,,9999999,1,1,,,,,,,,,,,,,增加行会物资1000点,,,,,,
340,物资(捆),462,100000,消耗,宝箱,,9999999,1,1,,,,,,,,,,,,,339|1000/,,,,,,
341,城主战袍(男),1401,40000,装备,衣服,1,,23,1,8,5,1,2,5,3,,4,4,1,1,,,,,,,,
342,城主战袍(女),1402,40000,装备,衣服,2,,23,1,8,5,1,2,5,3,,4,4,1,1,,,,,,,,
343,城主战袍(男),2591,100000,装备,衣服,1,,23,,18,19,1,10,12,11,,10,10,1,1,,新战袍,,,3,,,
344,城主战袍(女),2592,100000,装备,衣服,2,,23,,18,19,1,10,12,11,,10,10,1,1,,新战袍,,,3,,,
345,超级祝福油,2610,10000,消耗,祝福油,,9999999,1,1,,,,,,,,,,,,,100%为武器增加1点幸运,1,,,,,
346,国庆礼包,1031,10000,消耗,宝箱,,9999999,1,1,,,,,,,,,,,,,223|1500/225|10/,,,,,,
347,符文,1191,100000,装备,宝石,,,1,1,,,,,,,,,,,,,,,,1,,,
348,一转证明,2232,10000,道具,转生,,9999999,1,,,,,,,,,,,,,,转生的必备道具,,,,,,
349,二转证明,2233,10000,道具,转生,,9999999,1,,,,,,,,,,,,,,转生的必备道具,,,,,,
350,三转证明,2234,10000,道具,转生,,9999999,1,,,,,,,,,,,,,,转生的必备道具,,,,,,
351,四转证明,2231,10000,道具,转生,,9999999,1,,,,,,,,,,,,,,转生的必备道具,,,,,,
352,五转证明,1124,10000,道具,转生,,9999999,1,,,,,,,,,,,,,,转生的必备道具,,,,,,
353,返璞归真,1145,10000,消耗,重置书,,9999999,1,,,,,,,,,,,,,,使用后可以将满等级技能归零,,,,,,
354,吞噬灵石(小),1029,10000,道具,吞噬,,9999999,1,,,,,,,,,,,,,,,,,,,100,
355,吞噬灵石(中),1028,10000,道具,吞噬,,9999999,1,,,,,,,,,,,,,,,,,,,500,
356,吞噬灵石(大),1027,10000,道具,吞噬,,9999999,1,,,,,,,,,,,,,,,,,,,1000,
357,星王头盔,106,50000,装备,头盔,,,1,,8,7,1,4,5,4,,4,4,1,1,,,,,3,,,
358,星王项链,1224,50000,装备,项链,,,1,,3,3,3,13,,,,13,13,3,3,,,,,3,,,
359,星王护腕,1223,50000,装备,手镯,,,1,,3,3,2,8,,,,8,8,2,2,,,,,3,,,
360,星王戒指,1222,50000,装备,戒指,,,1,,2,2,3,15,,,,15,15,3,3,,,,,3,,,
361,星王腰带,556,50000,装备,腰带,,,1,,5,3,1,2,1,,,2,2,1,1,,,,,3,,,
362,星王之靴,566,50000,装备,靴子,,,1,,3,5,1,2,1,1,,2,2,1,1,,,,,3,,,
363,黄金裁决,1688,50000,装备,武器,,,80,,,,8,39,,,,,,,,,,,,3,,,
364,黄金嗜魂法杖,1781,50000,装备,武器,,,35,,,,,,,,,39,,,8,,,,,3,,,
365,黄金逍遥扇,1782,50000,装备,武器,,,35,,,,,,,,,,39,8,,,,,,3,,,
366,黄金屠龙,1788,50000,装备,武器,,,30,,,,10,40,,,,,,,,,,,,3,,,
367,狂雷战盔,1266,100000,装备,头盔,,,1,,10,10,2,5,5,5,,,,,,,,,,4,,,
368,狂雷项链,1263,100000,装备,项链,,,1,,5,,5,18,,,,,,,,,,,,4,,,
369,狂雷战戒,1261,100000,装备,戒指,,,1,,5,5,6,20,,,,,,,,,,,,4,,,
370,狂雷护腕,1262,100000,装备,手镯,,,1,,5,,3,10,,,,,,,,,,,,4,,,
371,狂雷腰带,1265,100000,装备,腰带,,,1,,5,7,1,4,1,2,,,,,,,,,,4,,,
372,狂雷战靴,1264,100000,装备,靴子,,,1,,7,5,1,4,1,1,,,,,,,,,,4,,,
373,逆火魔盔,1246,100000,装备,头盔,,,1,,10,10,,,5,5,,5,,,2,,,,,4,,,
374,逆火项链,1243,100000,装备,项链,,,1,,5,,,,,,,18,,,5,,,,,4,,,
375,逆火魔戒,1241,100000,装备,戒指,,,1,,5,5,,,,,,20,,,6,,,,,4,,,
376,逆火护腕,1242,100000,装备,手镯,,,1,,5,,,,,,,10,,,3,,,,,4,,,
377,逆火腰带,1245,100000,装备,腰带,,,1,,5,7,,,1,2,,4,,,1,,,,,4,,,
378,逆火魔靴,1244,100000,装备,靴子,,,1,,7,5,,,1,1,,4,,,1,,,,,4,,,
379,通云道盔,1256,100000,装备,头盔,,,1,,10,10,,,5,5,,,5,2,,,,,,4,,,
380,通云项链,1253,100000,装备,项链,,,1,,5,,,,,,,,18,5,,,,,,4,,,
381,通云道戒,1251,100000,装备,戒指,,,1,,5,5,,,,,,,20,6,,,,,,4,,,
382,通云护腕,1252,100000,装备,手镯,,,1,,5,,,,,,,,10,3,,,,,,4,,,
383,通云腰带,1255,100000,装备,腰带,,,1,,5,7,,,1,2,,,4,1,,,,,,4,,,
384,通云道靴,1254,100000,装备,靴子,,,1,,7,5,,,1,1,,,4,1,,,,,,4,,,
385,王者戒指,1365,150000,装备,戒指,,,1,,8,8,8,22,,,,22,22,8,8,,,,,5,,,
386,王者护腕,1366,150000,装备,手镯,,,1,,6,6,5,12,,,,12,12,5,5,,,,,5,,,
387,王者项链,1367,150000,装备,项链,,,1,,7,8,8,23,1,,,23,23,8,8,,,,,5,,,
388,王者之靴,1368,150000,装备,靴子,,,1,,8,9,2,6,2,2,,6,6,2,2,,,,,5,,,
389,王者腰带,1369,150000,装备,腰带,,,1,,10,8,3,5,2,1,,5,5,3,3,,,,,5,,,
390,王者头盔,1370,150000,装备,头盔,,,1,,13,12,3,8,6,7,,8,8,3,3,,,,,5,,,
391,王者战甲(男),1397,150000,装备,衣服,1,,1,,18,19,6,10,12,11,1,,,,,,,,,5,,,
392,王者战甲(女),1398,150000,装备,衣服,2,,1,,18,19,6,10,12,11,1,,,,,,,,,5,,,
393,王者魔衣(男),1395,150000,装备,衣服,1,,1,,18,19,,,12,11,2,10,,,6,,,,,5,,,
394,王者魔衣(女),1396,150000,装备,衣服,2,,1,,18,19,,,12,11,2,10,,,6,,,,,5,,,
395,王者道袍(男),1399,150000,装备,衣服,1,,1,,18,19,,,12,11,3,,10,6,,,,,,5,,,
396,王者道袍(女),1400,150000,装备,衣服,2,,1,,18,19,,,12,11,3,,10,6,,,,,,5,,,
397,王者之刃,1421,150000,装备,武器,,,50,,,,12,42,,,,,,,,,,,,5,,,
398,王者之杖,1411,150000,装备,武器,,,20,,,,,,,,,42,,,12,,,,,5,,,
399,王者之剑,1422,150000,装备,武器,,,30,,,,,,,,,,42,12,,,,,,5,,,
400,双十一礼包,1031,10000,消耗,宝箱,,9999999,1,1,,,,,,,,,,,,,223|1500/356|1/,,,,,,
401,灵石礼包,1031,10000,消耗,宝箱,,9999999,1,1,,,,,,,,,,,,,356|10/,,,,,,
402,金砖礼包,1031,10000,消耗,宝箱,,9999999,1,1,,,,,,,,,,,,,225|100/,,,,,,
403,物资礼包,1031,10000,消耗,宝箱,,9999999,1,1,,,,,,,,,,,,,340|100/,,,,,,
404,书籍包,1132,60000,消耗,宝箱,,9999999,1,,,,,,,,,,,,,,234|1/235|1/236|1/237|1/238|1/239|1/,,,,,,
405,双十二礼包,1031,100000,消耗,宝箱,,9999999,1,,,,,,,,,,,,,,225|10/404|2000/356|1/,,,,,,
406,小书籍包,1132,30000,消耗,宝箱,,9999999,1,,,,,,,,,,,,,,234|1/235|1/236|1/,,,,,,
407,防御心法,1145,1000,消耗,技能,,9999999,1,5,,,,,,,,,,,,,提升角色防御下限,7,1,,,,
408,魔防心法,1145,1000,消耗,技能,,9999999,1,5,,,,,,,,,,,,,提升角色魔防下限,8,1,,,,
409,未使用,831,50000,消耗,藏宝箱,,9999999,1,,,,,,,,,,,,,,,,,,,,
410,未使用,1135,100000,消耗,藏宝箱,,9999999,1,,,,,,,,,,,,,,,,,,,,
411,圣诞礼包,1031,100000,消耗,宝箱,,9999999,1,,,,,,,,,,,,,,225|10/412|5000/404|2000/,,,,,,
412,心法书籍包,1132,50000,消耗,宝箱,,9999999,1,,,,,,,,,,,,,,407|1/408|1/,,,,,,
413,元旦礼包,1031,50000,消耗,宝箱,,9999999,1,,,,,,,,,,,,,,223|1000/356|1/225|5/,,,,,,
414,新年礼物,859,50000,消耗,宝箱,,9999999,1,,,,,,,,,,,,,,3|1000000/4|150000/5|50000/,,,,,,
415,会员升级卡,1134,50000,消耗,VIP2,,,1,1,,,,,,,,,,,,,<黄>累计充值满500元可买<br>用于终身会员升级超级终身<br><绿>赠送30张幻境重置卷<br>赠送3000张BOSS挑战卷<br>赠送30W书籍包(六种)<br>赠送30000黑铁矿石<br>,2,,,,,
416,恭喜发财,1018,50000,消耗,红包,,9999999,1,,,,,,,,,,,,,,把100红包转成100元宝,100,,,,,
417,财源广进,1018,50000,消耗,红包,,9999999,1,,,,,,,,,,,,,,,1000,,,,,
418,财神赐福,1018,50000,消耗,红包,,9999999,1,,,,,,,,,,,,,,把10000红包转成10000元宝,10000,,,,,
419,100红包,1019,50000,消耗,宝箱,,9999999,1,,,,,,,,,,,,,,7|100/,,,,,,
420,1000红包,1019,50000,消耗,宝箱,,9999999,1,,,,,,,,,,,,,,7|1000/,,,,,,
421,10000红包,1019,50000,消耗,宝箱,,9999999,1,,,,,,,,,,,,,,7|10000/,,,,,,
422,天龙戒指,825,150000,装备,戒指,,,1,,9,9,8,25,,,,25,25,8,8,,,,,6,,,
423,天龙护腕,827,150000,装备,手镯,,,1,,8,8,5,15,,,,15,15,5,5,,,,,6,,,
424,天龙项链,824,150000,装备,项链,,,1,,8,9,8,26,1,,,26,26,8,8,,,,,6,,,
425,天龙头盔,828,150000,装备,头盔,,,1,,15,13,3,11,6,7,,11,11,3,3,,,,,6,,,
426,天龙腰带,826,150000,装备,腰带,,,1,,10,11,3,8,2,1,,8,8,3,3,,,,,6,,,
427,天龙战靴,822,150000,装备,靴子,,,1,,10,11,3,9,2,2,,9,9,3,3,,,,,6,,,
428,天龙圣剑,829,150000,装备,武器,,,1,,,,15,45,,,,45,45,15,15,,,,,6,,,
429,天龙圣袍,600,150000,装备,衣服,1,,1,,22,20,6,13,13,15,,13,13,6,6,,,,,6,,,
430,天龙圣衣,601,150000,装备,衣服,2,,1,,22,20,6,13,13,15,,13,13,6,6,,,,,6,,,
431,金牛戒指,1681,200000,装备,戒指,,,1,,10,10,10,28,,,,28,28,10,10,,,,,7,,,
432,金牛护腕,1682,200000,装备,手镯,,,1,,9,9,6,18,,,,18,18,6,6,,,,,7,,,
433,金牛项链,1683,200000,装备,项链,,,1,,10,11,8,29,1,,,29,29,8,8,,,,,7,,,
434,金牛头盔,1686,200000,装备,头盔,,,1,,18,17,5,13,6,8,,13,13,5,5,,,,,7,,,
435,金牛腰带,1685,200000,装备,腰带,,,1,,15,12,5,10,2,2,,10,10,5,5,,,,,7,,,
436,金牛战靴,1684,200000,装备,靴子,,,1,,12,15,7,9,2,2,,9,9,7,7,,,,,7,,,
437,金牛圣刃,2181,200000,装备,武器,,,1,,,,18,52,,,,52,52,18,18,,,,,7,,,
438,金牛圣袍,2463,200000,装备,衣服,1,,1,,25,25,7,17,15,15,,17,17,7,7,,,,,7,,,
439,金牛圣衣,2464,200000,装备,衣服,2,,1,,25,25,7,17,15,15,,17,17,7,7,,,,,7,,,
440,六转证明,276,10000,道具,转生,,9999999,1,,,,,,,,,,,,,,转生的必备道具,,,,,,
441,七转证明,273,10000,道具,转生,,9999999,1,,,,,,,,,,,,,,转生的必备道具,,,,,,
442,八转证明,277,10000,道具,转生,,9999999,1,,,,,,,,,,,,,,转生的必备道具,,,,,,
443,九转证明,274,10000,道具,转生,,9999999,1,,,,,,,,,,,,,,转生的必备道具,,,,,,
444,十转证明,275,10000,道具,转生,,9999999,1,,,,,,,,,,,,,,转生的必备道具,,,,,,
445,新春大礼包,1031,50000,消耗,宝箱,,9999999,1,,,,,,,,,,,,,,225|50/412|2000/406|3000/,,,,,,
446,转换石,2571,50000,道具,转换石,,9999999,1,,,,,,,,,,,,,,可以转换武器天赋的石头,,,,,,
447,铁锹,2382,100000,装备,武器,,,50,35,,,5,35,,,,,,,,,,,,,,,
448,劳动衣(男),2341,100000,装备,衣服,1,,20,35,2,1,,,5,5,,,,,,,,,,,,,
449,劳动衣(女),2345,100000,装备,衣服,2,,20,35,2,1,,,5,5,,,,,,,,,,,,,
450,主宰戒指,2411,250000,装备,戒指,,,1,,10,10,10,32,,,,32,32,10,10,,,,,8,,,
451,主宰护腕,2412,250000,装备,手镯,,,1,,10,10,5,21,,,,21,21,5,5,,,,,8,,,
452,主宰项链,2413,250000,装备,项链,,,1,,10,11,9,31,2,1,,31,31,9,9,,,,,8,,,
453,主宰头盔,2416,250000,装备,头盔,,,1,,22,20,5,15,6,8,,15,15,5,5,,,,,8,,,
454,主宰腰带,2415,250000,装备,腰带,,,1,,15,12,5,12,5,5,,12,12,5,5,,,,,8,,,
455,主宰战靴,2414,250000,装备,靴子,,,1,,12,15,7,11,5,5,,11,11,7,7,,,,,8,,,
456,主宰神剑,2424,250000,装备,武器,,,1,,,,20,60,,,,60,60,20,20,,,,,8,,,
457,主宰圣袍,2421,250000,装备,衣服,1,,1,,28,29,5,20,17,18,,20,20,5,5,,,,,8,,,
458,主宰圣衣,2422,250000,装备,衣服,2,,1,,28,29,5,20,17,18,,20,20,5,5,,,,,8,,,
459,荣耀戒指,2511,300000,装备,戒指,,,1,,10,10,10,35,1,1,,35,35,10,10,,,,,9,,,
460,荣耀护腕,2512,300000,装备,手镯,,,1,,10,10,7,24,1,1,,24,24,7,7,,,,,9,,,
461,荣耀项链,2513,300000,装备,项链,,,1,,12,12,9,34,2,2,,34,34,9,9,,,,,9,,,
462,荣耀头盔,2516,300000,装备,头盔,,,1,,23,23,6,17,6,8,,17,17,6,6,,,,,9,,,
463,荣耀腰带,2515,300000,装备,腰带,,,1,,15,12,5,14,7,7,,14,14,5,5,,,,,9,,,
464,荣耀战靴,2514,300000,装备,靴子,,,1,,12,15,7,13,7,7,,13,13,7,7,,,,,9,,,
465,荣耀神剑,2524,300000,装备,武器,,,1,,,,23,75,,,,75,75,23,23,,,,,9,,,
466,荣耀圣袍,2541,300000,装备,衣服,1,,1,,32,32,5,22,19,18,,22,22,5,5,,,,,9,,,
467,荣耀圣衣,2543,300000,装备,衣服,2,,1,,32,32,5,22,19,18,,22,22,5,5,,,,,9,,,
468,主宰斗笠,2423,250000,装备,头盔,,,1,,25,25,7,20,8,8,,20,20,7,7,,,,,8,,,
469,荣耀斗笠,2523,300000,装备,头盔,,,1,,28,28,8,22,9,9,,22,22,8,8,,,,,9,,,
470,劳动节礼包,1030,50000,消耗,宝箱,,9999999,1,,,,,,,,,,,,,,319|1500/420|30/416|5/,,,,,,
471,粽子,1342,10000,消耗,藏宝箱,,9999999,1,,,,,,,,,,,,,,501|1|1|10/502|1|1|20/503|1|1|30/504|1|1|40/224|1|1|20/571|1|1|2/217|1|1|10/570|1|1|200/689|1|1|1000/1|10000|1|1/4|2000|1|1/,,,,,,
472,月饼,1331,10000,消耗,藏宝箱,,9999999,1,,,,,,,,,,,,,,501|1|1|10/502|1|1|20/503|1|1|30/504|1|1|40/224|1|1|20/571|1|1|2/217|1|1|10/570|1|1|200/689|1|1|1000/1|10000|1|1/4|2000|1|1/,,,,,,
473,巧克力,846,10000,消耗,藏宝箱,,9999999,1,,,,,,,,,,,,,,501|1|1|10/502|1|1|20/503|1|1|30/504|1|1|40/224|1|1|20/571|1|1|2/217|1|1|10/570|1|1|200/689|1|1|1000/1|10000|1|1/4|2000|1|1/,,,,,,
474,棒棒糖,848,10000,消耗,藏宝箱,,9999999,1,,,,,,,,,,,,,,501|1|1|10/502|1|1|20/503|1|1|30/504|1|1|40/224|1|1|20/571|1|1|2/217|1|1|10/570|1|1|200/689|1|1|1000/1|10000|1|1/4|2000|1|1/,,,,,,
475,西瓜,1058,10000,消耗,藏宝箱,,9999999,1,,,,,,,,,,,,,,501|1|1|10/502|1|1|20/503|1|1|30/504|1|1|40/224|1|1|20/571|1|1|2/217|1|1|10/570|1|1|200/689|1|1|1000/1|10000|1|1/4|2000|1|1/,,,,,,
476,南瓜头,1086,10000,消耗,藏宝箱,,9999999,1,,,,,,,,,,,,,,501|1|1|10/502|1|1|20/503|1|1|30/504|1|1|40/224|1|1|20/571|1|1|2/217|1|1|10/570|1|1|200/689|1|1|1000/1|10000|1|1/4|2000|1|1/,,,,,,
477,端午节礼包,1030,50000,消耗,宝箱,,9999999,1,,,,,,,,,,,,,,471|10/319|1500/,,,,,,
478,寻宝图,1521,10000,道具,任务,,9999999,1,,,,,,,,,,,,,,记录了宝藏位置的图鉴<br>寻宝必备道具,,,,,,
479,隐身戒指(未解封),1776,100000,装备,戒指,,,1,,,,,1,,,,,,,,,,,,,,,
480,复活戒指(未解封),1778,100000,装备,戒指,,,1,,,,,1,,,,,,,,,,,,,,,
481,麻痹戒指(未解封),1777,100000,装备,戒指,,,1,,,,,1,,,,,,,,,,,,,,,
482,护身戒指(未解封),1779,100000,装备,戒指,,,1,,,,,1,,,,,,,,,,,,,,,
483,改名卡,2376,100000,道具,任务,,9999999,1,,,,,,,,,,,,,,在设置界面中可以改名,,,,,,
484,魂灵,1510,100000,道具,特戒,,9999999,1,,,,,,,,,,,,,,用于合成神之魂,,,,,,
485,战神之魂,1501,100000,道具,特戒,,9999999,1,,,,,,,,,,,,,,赋予特戒攻击天赋,,,,,,
486,法神之魂,1502,100000,道具,特戒,,9999999,1,,,,,,,,,,,,,,赋予特戒魔法天赋,,,,,,
487,道神之魂,1511,100000,道具,特戒,,9999999,1,,,,,,,,,,,,,,赋予特戒道术天赋,,,,,,
488,幻境重置卷,999,100000,消耗,幻境,,9999999,1,,,,,,,,,,,,,,使幻境层数重置,,,,,,
489,周年庆礼包,2652,50000,消耗,宝箱,,9999999,1,,,,,,,,,,,,,,478|10/319|3000/471|10/496|10/,,,,,,
490,中秋节礼包,1030,50000,消耗,宝箱,,9999999,1,,,,,,,,,,,,,,319|3000/472|10/498|1000/510|1/,,,,,,
491,金碎片,2643,10000,消耗,五行,,9999999,1,,,,,,,,,,,,,,金系天赋碎片,31,1,1,,,
492,木碎片,2647,10000,消耗,五行,,9999999,1,,,,,,,,,,,,,,木系天赋碎片,32,1,1,,,
493,水碎片,2645,10000,消耗,五行,,9999999,1,,,,,,,,,,,,,,水系天赋碎片,33,1,1,,,
494,火碎片,2646,10000,消耗,五行,,9999999,1,,,,,,,,,,,,,,火系天赋碎片,34,1,1,,,
495,土碎片,2648,10000,消耗,五行,,9999999,1,,,,,,,,,,,,,,土系天赋碎片,35,1,1,,,
496,五行石,2641,100000,消耗,修炼,,9999999,1,,,,,,,,,,,,,,增加修炼时间24小时,,24,1,,,
497,巅峰证明,2642,100000,道具,任务,,9999999,1,,,,,,,,,,,,,,通往巅峰之路的证明,,,9,,,
498,巅峰矿石,2650,1000,道具,巅峰石,,9999999,1,,,,,,,,,,,,,,打造巅峰装备的材料,,,10,,,
499,桃李满天下,1030,50000,消耗,宝箱,,9999999,1,,,,,,,,,,,,,,319|1000/223|1000/510|1/478|10/,,,,,,
500,定风珠,2649,50000,消耗,巅峰重置,,9999999,1,,,,,,,,,,,,,,可以重置巅峰属性点,,,,,,
501,符文:1#,2621,10000,道具,符文,,9999999,1,,,,,,,,,,,,,,开启神秘的符文之旅,,,,,,
502,符文:2#,2622,20000,道具,符文,,9999999,1,,,,,,,,,,,,,,开启神秘的符文之旅,,,,,,
503,符文:3#,2623,30000,道具,符文,,9999999,1,,,,,,,,,,,,,,开启神秘的符文之旅,,,,,,
504,符文:4#,2624,40000,道具,符文,,9999999,1,,,,,,,,,,,,,,开启神秘的符文之旅,,,,,,
505,符文:5#,2625,50000,道具,符文,,9999999,1,,,,,,,,,,,,,,开启神秘的符文之旅,,,,,,
506,符文:6#,2626,60000,道具,符文,,9999999,1,,,,,,,,,,,,,,开启神秘的符文之旅,,,,,,
507,符文:7#,2627,70000,道具,符文,,9999999,1,,,,,,,,,,,,,,开启神秘的符文之旅,,,,,,
508,符文:8#,2628,80000,道具,符文,,9999999,1,,,,,,,,,,,,,,开启神秘的符文之旅,,,,,,
509,符文:9#,2629,90000,道具,符文,,9999999,1,,,,,,,,,,,,,,开启神秘的符文之旅,,,,,,
510,符文:10#,2630,100000,道具,符文,,9999999,1,,,,,,,,,,,,,,开启神秘的符文之旅,,,,,,
511,符文:11#,2631,110000,道具,符文,,9999999,1,,,,,,,,,,,,,,开启神秘的符文之旅,,,,,,
512,符文:12#,2632,120000,道具,符文,,9999999,1,,,,,,,,,,,,,,开启神秘的符文之旅,,,,,,
513,符文:13#,2633,130000,道具,符文,,9999999,1,,,,,,,,,,,,,,开启神秘的符文之旅,,,,,,
514,符文:14#,2634,140000,道具,符文,,9999999,1,,,,,,,,,,,,,,开启神秘的符文之旅,,,,,,
515,符文:15#,2635,150000,道具,符文,,9999999,1,,,,,,,,,,,,,,开启神秘的符文之旅,,,,,,
516,符文:16#,2636,160000,道具,符文,,9999999,1,,,,,,,,,,,,,,开启神秘的符文之旅,,,,,,
517,符文:17#,2637,170000,道具,符文,,9999999,1,,,,,,,,,,,,,,开启神秘的符文之旅,,,,,,
518,符文:18#,2638,180000,道具,符文,,9999999,1,,,,,,,,,,,,,,开启神秘的符文之旅,,,,,,
519,符文:19#,2639,190000,道具,符文,,9999999,1,,,,,,,,,,,,,,开启神秘的符文之旅,,,,,,
520,空白符文,2640,10000,道具,符文,,9999999,1,,,,,,,,,,,,,,,,,,,,
521,皓月戒指,2687,10,装备,戒指,,,1,200,15,15,10,50,5,5,,50,50,10,10,,,,,10,,,
522,皓月护腕,2688,10,装备,手镯,,,1,200,15,15,10,40,5,5,,40,40,10,10,,,,,10,,,
523,皓月项链,2689,10,装备,项链,,,1,200,15,15,10,50,5,5,,50,50,10,10,,,,,10,,,
524,皓月头盔,2692,10,装备,头盔,,,1,200,30,30,10,30,5,5,,30,30,10,10,,,,,10,,,
525,皓月腰带,2691,10,装备,腰带,,,1,200,25,25,10,30,5,5,,30,30,10,10,,,,,10,,,
526,皓月战靴,2690,10,装备,靴子,,,1,200,25,25,10,30,5,5,,30,30,10,10,,,,,10,,,
527,皓月神剑,2680,10,装备,武器,,,1,200,,,50,110,,,,110,110,50,50,,,,,10,,,
528,皓月圣袍,2685,10,装备,衣服,1,,1,200,50,50,10,30,30,30,,30,30,10,10,,,,,10,,,
529,皓月圣衣,2686,10,装备,衣服,2,,1,200,50,50,10,30,30,30,,30,30,10,10,,,,,10,,,
530,皓月斗笠,2683,10,装备,头盔,,,1,200,35,35,10,35,5,5,,35,35,10,10,,,,,10,,,
531,热血戒指,2703,20,装备,戒指,,,1,300,25,25,20,70,10,10,,70,70,20,20,,,,,10,,,
532,热血护腕,2700,20,装备,手镯,,,1,300,25,25,20,60,10,10,,60,60,20,20,,,,,10,,,
533,热血项链,2701,20,装备,项链,,,1,300,25,25,20,70,10,10,,70,70,20,20,,,,,10,,,
534,热血头盔,2704,20,装备,头盔,,,1,300,45,45,20,50,15,15,,50,50,20,20,,,,,10,,,
535,热血腰带,2702,20,装备,腰带,,,1,300,40,40,20,50,10,10,,50,50,20,20,,,,,10,,,
536,热血战靴,2705,20,装备,靴子,,,1,300,40,40,20,50,10,10,,50,50,20,20,,,,,10,,,
537,热血神剑,2708,20,装备,武器,,,1,300,,,60,130,,,,130,130,60,60,,,,,10,,,
538,热血圣袍,2709,20,装备,衣服,1,,1,300,65,65,20,50,45,45,,50,50,20,20,,,,,10,,,
539,热血圣衣,2710,20,装备,衣服,2,,1,300,65,65,20,50,45,45,,50,50,20,20,,,,,10,,,
540,热血斗笠,2706,20,装备,头盔,,,1,300,50,50,20,60,20,20,,60,60,20,20,,,,,10,,,
541,新区礼包,1030,50000,消耗,宝箱,,9999999,1,,,,,,,,,,,,,,223|500/225|1/319|100/478|1/217|10/,,,,,,
542,国庆节礼包,1030,50000,消耗,宝箱,,9999999,1,,,,,,,,,,,,,,319|2000/498|2000/496|10/,,,,,,
543,一级宝石,641,1000,装备,石头,,,1,1,,,,,,,,,,,,,,,,,,,
544,二级宝石,642,2000,装备,石头,,,1,2,,,,,,,,,,,,,,,,2,,,
545,三级宝石,643,3000,装备,石头,,,1,3,,,,,,,,,,,,,,,,4,,,
546,四级宝石,644,4000,装备,石头,,,1,4,,,,,,,,,,,,,,,,6,,,
547,五级宝石,645,5000,装备,石头,,,1,5,,,,,,,,,,,,,,,,8,,,
548,仓库扩充卷,2373,10000,消耗,仓库,,9999999,,,,,,,,,,,,,,,使用后增加一页仓库,,,,,,
549,符文金蛋,1035,10000,消耗,藏宝箱,,9999999,1,,,,,,,,,,,,,,501|1|1|1/502|1|1|2/504|1|1|4/506|1|1|6/508|1|1|8/510|1|1|10/,,,,,,
550,祝福油礼包,1120,50000,消耗,宝箱,,9999999,1,,,,,,,,,,,,,,217|10000/,,,,,,
551,纪念勋章1号,1362,100000,装备,勋章,,,1,10,,,10,100,,,,100,100,10,10,,,,,,,,
552,新手灵魂导师勋章,1364,100000,装备,勋章,,,1,10,,,10,100,,,,100,100,10,10,,,,,,,,
553,爱国福,1273,50000,消耗,宝箱,,9999999,1,,,,,,,,,,,,,,3|1000000/,,,,,,
554,富强福,1273,50000,消耗,宝箱,,9999999,1,,,,,,,,,,,,,,1|300000/,,,,,,
555,和谐福,1273,50000,消耗,宝箱,,9999999,1,,,,,,,,,,,,,,5|5000/,,,,,,
556,友善福,1273,50000,消耗,宝箱,,9999999,1,,,,,,,,,,,,,,4|15000/,,,,,,
557,敬业福,1273,50000,消耗,宝箱,,9999999,1,,,,,,,,,,,,,,3|500000/1|150000/5|3000/4|10000/,,,,,,
558,秘境重置卡,1323,100000,消耗,秘境,,9999999,1,,,,,,,,,,,,,,使秘境层数重置,,,,,,
559,新春八重豪礼,1274,100000,消耗,新春礼包,,9999999,1,,,,,,,,,,,,,,祝您新年大吉,,,,,,
560,神龙戒指,2716,30,装备,戒指,,,1,400,35,35,30,90,30,30,,90,90,30,30,,,,,10,,,
561,神龙护腕,2713,30,装备,手镯,,,1,400,35,35,30,80,20,20,,80,80,30,30,,,,,10,,,
562,神龙项链,2711,30,装备,项链,,,1,400,35,35,30,90,30,30,,90,90,30,30,,,,,10,,,
563,神龙头盔,2712,30,装备,头盔,,,1,400,45,45,30,70,25,15,,70,70,30,30,,,,,10,,,
564,神龙腰带,2714,30,装备,腰带,,,1,400,50,50,30,70,20,20,,70,70,30,30,,,,,10,,,
565,神龙战靴,2715,30,装备,靴子,,,1,400,50,50,30,70,20,20,,70,70,30,30,,,,,10,,,
566,神龙剑,2719,30,装备,武器,,,1,400,,,70,170,,,,170,170,70,70,,,,,10,,,
567,神龙圣袍,2717,30,装备,衣服,1,,1,400,75,75,30,70,55,55,,70,70,30,30,,,,,10,,,
568,神龙圣衣,2718,30,装备,衣服,2,,1,400,75,75,30,70,55,55,,70,70,30,30,,,,,10,,,
569,传说矿石,2651,1000,道具,传说石,,9999999,1,,,,,,,,,,,,,,,,,,,,
570,积分卷,1770,1000,消耗,属性,,9999999,1,,,,,,,,,,,,,,打开获得10000点图谱积分,8,10000,,,,
571,储备经验卷,1767,1000,消耗,属性,,9999999,1,,,,,,,,,,,,,,打开获得1000W储备经验,9,10000000,,,,
572,书籍包(大),1132,60000,消耗,宝箱,,9999999,1,,,,,,,,,,,,,,234|1000/235|1000/236|1000/237|1000/238|1000/239|1000/,,,,,,
573,新兵勋章,1570,100000,装备,勋章,,,1,10,,,5,10,,,,10,10,5,5,,,,,,,,
574,成长勋章,1568,100000,装备,勋章,,,1,,,,10,50,,,,50,50,10,10,,,,,1,1,,
575,麒麟戒指,2750,50,装备,戒指,,,1,500,55,55,40,110,40,40,,110,110,40,40,,,,,10,,,
576,麒麟护腕,2751,50,装备,手镯,,,1,500,55,55,40,100,30,30,,100,100,40,40,,,,,10,,,
577,麒麟项链,2752,50,装备,项链,,,1,500,55,55,40,110,40,40,,110,110,40,40,,,,,10,,,
578,麒麟头盔,2753,50,装备,头盔,,,1,500,65,65,40,90,35,35,,90,90,40,40,,,,,10,,,
579,麒麟腰带,2749,50,装备,腰带,,,1,500,70,70,40,90,30,30,,90,90,40,40,,,,,10,,,
580,麒麟战靴,2748,50,装备,靴子,,,1,500,70,70,40,90,30,30,,90,90,40,40,,,,,10,,,
581,凤凰戒指,2763,60,装备,戒指,,,1,600,75,75,50,130,50,50,,130,130,50,50,,,,,10,,,
582,凤凰护腕,2760,60,装备,手镯,,,1,600,75,75,50,120,40,40,,120,120,50,50,,,,,10,,,
583,凤凰项链,2759,60,装备,项链,,,1,600,75,75,50,130,50,50,,130,130,50,50,,,,,10,,,
584,凤凰头盔,2758,60,装备,头盔,,,1,600,85,85,50,110,45,45,,110,110,50,50,,,,,10,,,
585,凤凰腰带,2761,60,装备,腰带,,,1,600,90,90,50,110,40,40,,110,110,50,50,,,,,10,,,
586,凤凰战靴,2762,60,装备,靴子,,,1,600,90,90,50,110,40,40,,110,110,50,50,,,,,10,,,
587,诛仙戒指,2772,70,装备,戒指,,,1,700,95,95,60,150,60,60,,150,150,60,60,,,,,10,,,
588,诛仙护腕,2773,70,装备,手镯,,,1,700,95,95,60,140,50,50,,140,140,60,60,,,,,10,,,
589,诛仙项链,2771,70,装备,项链,,,1,700,95,95,60,150,60,60,,150,150,60,60,,,,,10,,,
590,诛仙头盔,2774,70,装备,头盔,,,1,700,105,105,60,130,55,55,,130,130,60,60,,,,,10,,,
591,诛仙腰带,2769,70,装备,腰带,,,1,700,110,110,60,130,50,50,,130,130,60,60,,,,,10,,,
592,诛仙战靴,2770,70,装备,靴子,,,1,700,110,110,60,130,50,50,,130,130,60,60,,,,,10,,,
593,龙王戒指,2742,80,装备,戒指,,,1,800,115,115,70,170,70,70,,170,170,70,70,,,,,10,,,
594,龙王护腕,2741,80,装备,手镯,,,1,800,115,115,70,160,60,60,,160,160,70,70,,,,,10,,,
595,龙王项链,2739,80,装备,项链,,,1,800,115,115,70,170,70,70,,170,170,70,70,,,,,10,,,
596,龙王头盔,2740,80,装备,头盔,,,1,800,125,125,70,150,65,65,,150,150,70,70,,,,,10,,,
597,龙王腰带,2743,80,装备,腰带,,,1,800,130,130,70,150,60,60,,150,150,70,70,,,,,10,,,
598,龙王战靴,2738,80,装备,靴子,,,1,800,130,130,70,150,60,60,,150,150,70,70,,,,,10,,,
599,天神戒指,2799,90,装备,戒指,,,1,900,135,135,80,190,80,80,,190,190,80,80,,,,,10,,,
600,天神护腕,2798,90,装备,手镯,,,1,900,135,135,80,180,70,70,,180,180,80,80,,,,,10,,,
601,天神项链,2796,90,装备,项链,,,1,900,135,135,80,190,80,80,,190,190,80,80,,,,,10,,,
602,天神头盔,2795,90,装备,头盔,,,1,900,145,145,80,170,75,75,,170,170,80,80,,,,,10,,,
603,天神腰带,2800,90,装备,腰带,,,1,900,150,150,80,170,70,70,,170,170,80,80,,,,,10,,,
604,天神战靴,2801,90,装备,靴子,,,1,900,150,150,80,170,70,70,,170,170,80,80,,,,,10,,,
605,上古戒指,2808,100,装备,戒指,,,1,1000,155,155,90,210,90,90,,210,210,90,90,,,,,10,,,
606,上古护腕,2809,100,装备,手镯,,,1,1000,155,155,90,200,80,80,,200,200,90,90,,,,,10,,,
607,上古项链,2810,100,装备,项链,,,1,1000,155,155,90,210,90,90,,210,210,90,90,,,,,10,,,
608,上古头盔,2811,100,装备,头盔,,,1,1000,165,165,90,190,85,85,,190,190,90,90,,,,,10,,,
609,上古腰带,2812,100,装备,腰带,,,1,1000,170,170,90,190,80,80,,190,190,90,90,,,,,10,,,
610,上古战靴,2813,100,装备,靴子,,,1,1000,170,170,90,190,80,80,,190,190,90,90,,,,,10,,,
611,戒指,2802,110,装备,戒指,,,1,1100,175,175,100,230,100,100,,230,230,100,100,,,,,10,,,
612,护腕,2803,110,装备,手镯,,,1,1100,175,175,100,220,90,90,,220,220,100,100,,,,,10,,,
613,项链,2804,110,装备,项链,,,1,1100,175,175,100,230,100,100,,230,230,100,100,,,,,10,,,
614,头盔,2805,110,装备,头盔,,,1,1100,185,185,100,210,95,95,,210,210,100,100,,,,,10,,,
615,腰带,2806,110,装备,腰带,,,1,1100,190,190,100,210,90,90,,210,210,100,100,,,,,10,,,
616,战靴,2807,110,装备,靴子,,,1,1100,190,190,100,210,90,90,,210,210,100,100,,,,,10,,,
617,戒指,2814,120,装备,戒指,,,1,1200,195,195,110,250,110,110,,250,250,110,110,,,,,10,,,
618,护腕,2815,120,装备,手镯,,,1,1200,195,195,110,240,100,100,,240,240,110,110,,,,,10,,,
619,项链,2816,120,装备,项链,,,1,1200,195,195,110,250,110,110,,250,250,110,110,,,,,10,,,
620,头盔,2817,120,装备,头盔,,,1,1200,205,205,110,230,105,105,,230,230,110,110,,,,,10,,,
621,腰带,2818,120,装备,腰带,,,1,1200,210,210,110,230,100,100,,230,230,110,110,,,,,10,,,
622,战靴,2819,120,装备,靴子,,,1,1200,210,210,110,230,100,100,,230,230,110,110,,,,,10,,,
623,戒指,2750,130,装备,戒指,,,1,1300,215,215,120,270,120,120,,270,270,120,120,,,,,10,,,
624,护腕,2751,130,装备,手镯,,,1,1300,215,215,120,260,110,110,,260,260,120,120,,,,,10,,,
625,项链,2752,130,装备,项链,,,1,1300,215,215,120,270,120,120,,270,270,120,120,,,,,10,,,
626,头盔,2753,130,装备,头盔,,,1,1300,225,225,120,250,115,115,,250,250,120,120,,,,,10,,,
627,腰带,2749,130,装备,腰带,,,1,1300,230,230,120,250,110,110,,250,250,120,120,,,,,10,,,
628,战靴,2748,130,装备,靴子,,,1,1300,230,230,120,250,110,110,,250,250,120,120,,,,,10,,,
629,戒指,2750,140,装备,戒指,,,1,1400,235,235,130,290,130,130,,290,290,130,130,,,,,10,,,
630,护腕,2751,140,装备,手镯,,,1,1400,235,235,130,280,120,120,,280,280,130,130,,,,,10,,,
631,项链,2752,140,装备,项链,,,1,1400,235,235,130,290,130,130,,290,290,130,130,,,,,10,,,
632,头盔,2753,140,装备,头盔,,,1,1400,245,245,130,270,125,125,,270,270,130,130,,,,,10,,,
633,腰带,2749,140,装备,腰带,,,1,1400,250,250,130,270,120,120,,270,270,130,130,,,,,10,,,
634,战靴,2748,140,装备,靴子,,,1,1400,250,250,130,270,120,120,,270,270,130,130,,,,,10,,,
635,戒指,2750,150,装备,戒指,,,1,1500,255,255,140,310,140,140,,310,310,140,140,,,,,10,,,
636,护腕,2751,150,装备,手镯,,,1,1500,255,255,140,300,130,130,,300,300,140,140,,,,,10,,,
637,项链,2752,150,装备,项链,,,1,1500,255,255,140,310,140,140,,310,310,140,140,,,,,10,,,
638,头盔,2753,150,装备,头盔,,,1,1500,265,265,140,290,135,135,,290,290,140,140,,,,,10,,,
639,腰带,2749,150,装备,腰带,,,1,1500,270,270,140,290,130,130,,290,290,140,140,,,,,10,,,
640,战靴,2748,150,装备,靴子,,,1,1500,270,270,140,290,130,130,,290,290,140,140,,,,,10,,,
641,传说の剑,2720,10000,装备,武器,,,1,500,,,100,200,,,,200,200,100,100,,,,,10,,,
642,传说の袍,2591,10000,装备,衣服,1,,1,500,100,100,50,150,50,50,,150,150,50,50,,,,,10,,,
643,传说の裳,2592,10000,装备,衣服,2,,1,500,100,100,50,150,50,50,,150,150,50,50,,,,,10,,,
644,龙珠1★,2723,10000,道具,任务,,9999999,1,,,,,,,,,,,,,,改变传说装备的形态,,,,,,
645,龙珠2★,2724,10000,道具,任务,,9999999,1,,,,,,,,,,,,,,改变传说装备的形态,,,,,,
646,龙珠3★,2725,10000,道具,任务,,9999999,1,,,,,,,,,,,,,,改变传说装备的形态,,,,,,
647,龙珠4★,2726,10000,道具,任务,,9999999,1,,,,,,,,,,,,,,改变传说装备的形态,,,,,,
648,龙珠5★,2727,10000,道具,任务,,9999999,1,,,,,,,,,,,,,,改变传说装备的形态,,,,,,
649,龙珠6★,2728,10000,道具,任务,,9999999,1,,,,,,,,,,,,,,改变传说装备的形态,,,,,,
650,龙珠7★,2729,10000,道具,任务,,9999999,1,,,,,,,,,,,,,,改变传说装备的形态,,,,,,
651,龙珠8★,2730,10000,道具,任务,,9999999,1,,,,,,,,,,,,,,改变传说装备的形态,,,,,,
652,龙珠9★,2731,10000,道具,任务,,9999999,1,,,,,,,,,,,,,,改变传说装备的形态,,,,,,
653,传说剑[第一形态],44,500,装备,武器,,,1,500,,,,10,,,,10,10,,,,,,,10,5,,
654,传说剑[第二形态],35,500,装备,武器,,,1,500,,,,20,,,,20,20,,,,,,,10,5,,
655,传说剑[第三形态],46,500,装备,武器,,,1,500,,,,30,,,,30,30,,,,,,,10,5,,
656,传说剑[第四形态],48,500,装备,武器,,,1,500,,,,40,,,,40,40,,,,,,,10,5,,
657,传说剑[第五形态],55,500,装备,武器,,,1,500,,,,50,,,,50,50,,,,,,,10,5,,
658,传说剑[第六形态],66,500,装备,武器,,,1,500,,,,60,,,,60,60,,,,,,,10,5,,
659,传说剑[第七形态],58,500,装备,武器,,,1,500,,,,70,,,,70,70,,,,,,,10,5,,
660,传说剑[第八形态],75,500,装备,武器,,,1,500,,,,80,,,,80,80,,,,,,,10,5,,
661,传说剑[第九形态],73,500,装备,武器,,,1,500,,,,90,,,,90,90,,,,,,,10,5,,
662,传说袍[第一形态],61,500,装备,衣服,1,,1,500,5,5,,,,,,,,,,,,,,10,,,
663,传说袍[第二形态],62,500,装备,衣服,1,,1,500,10,10,,,,,,,,,,,,,,10,,,
664,传说袍[第三形态],63,500,装备,衣服,1,,1,500,15,15,,,,,,,,,,,,,,10,,,
665,传说袍[第四形态],86,500,装备,衣服,1,,1,500,20,20,,,,,,,,,,,,,,10,,,
666,传说袍[第五形态],598,500,装备,衣服,1,,1,500,25,25,,,,,,,,,,,,,,10,,,
667,传说袍[第六形态],597,500,装备,衣服,1,,1,500,30,30,,,,,,,,,,,,,,10,,,
668,传说袍[第七形态],600,500,装备,衣服,1,,1,500,35,35,,,,,,,,,,,,,,10,,,
669,传说袍[第八形态],1395,500,装备,衣服,1,,1,500,40,40,,,,,,,,,,,,,,10,,,
670,传说袍[第九形态],1401,500,装备,衣服,1,,1,500,45,45,,,,,,,,,,,,,,10,,,
671,传说裳[第一形态],81,500,装备,衣服,2,,1,500,5,5,,,,,,,,,,,,,,10,,,
672,传说裳[第二形态],82,500,装备,衣服,2,,1,500,10,10,,,,,,,,,,,,,,10,,,
673,传说裳[第三形态],83,500,装备,衣服,2,,1,500,15,15,,,,,,,,,,,,,,10,,,
674,传说裳[第四形态],89,500,装备,衣服,2,,1,500,20,20,,,,,,,,,,,,,,10,,,
675,传说裳[第五形态],599,500,装备,衣服,2,,1,500,25,25,,,,,,,,,,,,,,10,,,
676,传说裳[第六形态],607,500,装备,衣服,2,,1,500,30,30,,,,,,,,,,,,,,10,,,
677,传说裳[第七形态],601,500,装备,衣服,2,,1,500,35,35,,,,,,,,,,,,,,10,,,
678,传说裳[第八形态],1396,500,装备,衣服,2,,1,500,40,40,,,,,,,,,,,,,,10,,,
679,传说裳[第九形态],1402,500,装备,衣服,2,,1,500,45,45,,,,,,,,,,,,,,10,,,
680,杰出贡献勋章,2754,100000,装备,勋章,,,1,10,,,10,100,,,,100,100,10,10,,,,,,5,,
681,渡劫证明㈠,2791,10000,道具,任务,,9999999,1,,,,,,,,,,,,,,,,,,,,
682,渡劫证明㈡,2792,10000,道具,任务,,9999999,1,,,,,,,,,,,,,,,,,,,,
683,渡劫证明㈢,2790,10000,道具,任务,,9999999,1,,,,,,,,,,,,,,,,,,,,
684,渡劫证明㈣,2794,10000,道具,任务,,9999999,1,,,,,,,,,,,,,,,,,,,,
685,渡劫证明㈤,2793,10000,道具,任务,,9999999,1,,,,,,,,,,,,,,,,,,,,
686,人民的名义,2183,100000,装备,勋章,,,1,10,,,10,120,,,,120,120,10,10,,,,,,,,
687,幻境礼包,1030,50000,消耗,宝箱,,9999999,1,,,,,,,,,,,,,,488|2/571|1000/319|1500/,,,,,,
688,秘境礼包,1030,50000,消耗,宝箱,,9999999,1,,,,,,,,,,,,,,558|2/571|1000/319|1000/570|30/,,,,,,
689,周年庆号角,1665,10000,道具,号角,,9999999,1,,,,,,,,,,,,,,<品3>号角公式：<br><品1>号角*1+1#=黄金宝箱*10<br><品1>号角*2+2#=秘境重置卷*1<br><品1>号角*2+3#=幻境重置卷*1<br><品1>号角*1+4#=项链祝福油*1<br><品1>号角*10+12#=升级丹*1<br><品1>号角*100+13#=镜子*1,,,,,,
690,周年庆福字,1668,10000,消耗,藏宝箱,,9999999,1,,,,,,,,,,,,,,421|1|1|5/320|1|1|20/478|1|1|5/508|1|1|5/509|1|1|10/570|1|1|30/488|1|1|100/558|1|1|100/,,,,,,
691,纪念勋章2号,1669,100000,装备,勋章,,,1,10,,,10,150,,,,150,150,10,10,,,,,,,,
692,黄金钥匙,1228,10000,道具,任务,,9999999,1,,,,,,,,,,,,,,开启每日的黄金宝箱,,,,,,
693,升级丹,2732,10000,消耗,升级丹,,9999999,1,500,,,,,,,,,,,,,可以增加100%的当前经验<br><黄>等级限制：500级,,,10,,,
694,黄金宝箱,1193,10000,消耗,黄金宝箱,,9999999,1,,,,,,,,,,,,,,使用后增加1个黄金宝箱,1,,,,,
695,项链祝福油,2608,10000,消耗,项链祝福油,,9999999,1,,,,,,,,,,,,,,可以增加项链的幸运值<br><品1>幸运0->1：30%成功率<br><品1>幸运1->2：10%成功率<br><品1>幸运2->3：5%成功率<br><黄>失败不会降低幸运值,,,,,,
696,七夕礼包,1030,50000,消耗,宝箱,,9999999,1,,,,,,,,,,,,,,488|3/571|3000/319|1500/570|30/,,,,,,
697,镜子,2657,100000,道具,镜子,,9999999,1,,,,,,,,,,,,,,复制一件指定的装备,,,,,,
698,天书,2658,10000,装备,天书,,,1,,,,,,,,,,,,,,,,,,,,
699,冲级礼包,1030,50000,消耗,宝箱,,9999999,1,,,,,,,,,,,,,,488|10/571|15000/319|1000/570|50/,,,,,,
700,QQ群勋章,1764,100000,装备,勋章,,,1,10,,,5,15,,,,15,15,5,5,,<紫>加入QQ群领取<br>,,,,,,
701,渡劫护身符,2612,10000,道具,任务,,9999999,1,,,,,,,,,,,,,,<紫>庇护渡劫之身,,,,,,
702,小巅峰矿礼包,2652,50000,消耗,宝箱,,9999999,1,,,,,,,,,,,,,,498|10000/,,,,,,
703,大巅峰矿礼包,2652,50000,消耗,宝箱,,9999999,1,,,,,,,,,,,,,,498|50000/,,,,,,
704,2018新春纪念勋章,2736,100000,装备,勋章,,,1,10,,,10,180,,,,180,180,10,10,,,,,,8,,
705,纪念勋章3号,2754,100000,装备,勋章,,,1,10,,,10,150,,,,150,150,10,10,,,,,,5,,
706,永久区纪念勋章,2737,100000,装备,勋章,,,1,50,,,10,200,,,,200,200,10,10,,,,,,10,,
707,渡劫证明(六),1721,10000,道具,任务,,9999999,1,,,,,,,,,,,,,,,,,,,,
708,渡劫证明(七),1724,10000,道具,任务,,9999999,1,,,,,,,,,,,,,,,,,,,,
709,渡劫证明(八),1722,10000,道具,任务,,9999999,1,,,,,,,,,,,,,,,,,,,,
710,渡劫证明(九),1723,10000,道具,任务,,9999999,1,,,,,,,,,,,,,,,,,,,,
711,渡劫证明(十),1725,10000,道具,任务,,9999999,1,,,,,,,,,,,,,,,,,,,,
712,世界BOSS内丹,1587,10000,道具,内丹,,9999999,1,,,,,,,,,,,,,,击杀世界BOSS后获得内丹<br><黄>可合成高阶渡劫证明,,,,,,
713,纪念勋章4号,1415,100000,装备,勋章,,,1,50,,,50,250,,,,250,250,50,50,,,,,,15,,
714,纪念勋章5号,1415,100000,装备,勋章,,,1,50,,,50,300,,,,300,300,50,50,,,,,,20,,
715,纪念勋章6号,1415,100000,装备,勋章,,,1,50,,,50,350,,,,350,350,50,50,,,,,,25,,
716,纪念勋章7号,1415,100000,装备,勋章,,,1,50,,,50,400,,,,400,400,50,50,,,,,,30,,
717,纪念勋章8号,1415,100000,装备,勋章,,,1,50,,,50,450,,,,450,450,50,50,,,,,,35,,
718,纪念勋章9号,1415,100000,装备,勋章,,,1,50,,,50,500,,,,500,500,50,50,,,,,,40,,
719,纪念勋章10号,1415,100000,装备,勋章,,,1,50,,,50,510,,,,510,510,50,50,,,,,,45,,14|20/
720,纪念勋章11号,1415,100000,装备,勋章,,,1,50,,,50,520,,,,520,520,50,50,,,,,,45,,14|40/
721,纪念勋章12号,1415,100000,装备,勋章,,,1,50,,,50,530,,,,530,530,50,50,,,,,,45,,14|60/
722,纪念勋章13号,1415,100000,装备,勋章,,,1,50,,,50,540,,,,540,540,50,50,,,,,,45,,14|80/
723,纪念勋章14号,1415,100000,装备,勋章,,,1,50,,,50,550,,,,550,550,50,50,,,,,,45,,14|100/
724,纪念勋章15号,1415,100000,装备,勋章,,,1,50,,,50,560,,,,560,560,50,50,,,,,,45,,14|120/
725,纪念勋章16号,1415,100000,装备,勋章,,,1,50,,,50,570,,,,570,570,50,50,,,,,,45,,14|140/
726,纪念勋章17号,1415,100000,装备,勋章,,,1,50,,,50,580,,,,580,580,50,50,,,,,,45,,14|160/
727,纪念勋章18号,1415,100000,装备,勋章,,,1,50,,,50,590,,,,590,590,50,50,,,,,,45,,14|180/
728,纪念勋章19号,1415,100000,装备,勋章,,,1,50,,,50,600,,,,600,600,50,50,,,,,,45,,14|200/
729,纪念勋章20号,1415,100000,装备,勋章,,,1,50,,,50,610,,,,610,610,50,50,,,,,,50,,14|200/
730,技能突破内丹,23,10000,道具,任务,,9999999,1,,,,,,,,,,,,,,技能突破必需品<br>每次突破需10个,,,,,,
731,藏宝图,1141,10000,消耗,藏宝图,,9999999,1,,,,,,,,,,,,,,一张记着藏宝地点的地图。,1,,,,,
732,高级藏宝图,1141,10000,消耗,藏宝图,,9999999,1,,,,,,,,,,,,,,一张记着藏宝地点的地图。,2,,,,,
