id,name,lvl,money,rep,a2,b2,c2,d2,e2,met,a1,b1,c1,d1,e1
1,筑基·一阶,1,100000,100,1,1,,,,,,,,,
2,筑基·二阶,10,500000,1000,1,1,1,,,,,,,,
3,筑基·三阶,20,1000000,2000,2,2,2,1,,,,,,,
4,筑基·四阶,30,2000000,5000,3,3,3,2,1,,,,,,
5,筑基·五阶,40,3000000,10000,4,4,4,3,2,,,,,,
6,开光·一阶,50,4000000,15000,5,5,5,4,3,,,,,,
7,开光·二阶,60,5000000,20000,6,6,6,5,4,,,,,,
8,开光·三阶,10,10000000,50000,7,7,7,6,5,1,1,1,1,1,1
9,开光·四阶,20,13500000,80000,9,9,9,7,6,1,1,1,1,1,1
10,开光·五阶,30,17000000,110000,11,11,11,8,7,1,1,1,1,1,1
11,融合·一阶,40,20500000,140000,13,13,13,9,8,1,1,1,1,1,1
12,融合·二阶,50,24000000,170000,15,15,15,10,9,1,1,1,1,1,1
13,融合·三阶,60,27500000,200000,17,17,17,11,10,1,1,1,1,1,1
14,融合·四阶,70,31000000,230000,19,19,19,12,11,1,1,1,1,1,1
15,融合·五阶,80,35000000,260000,21,21,21,13,12,1,1,1,1,1,1
16,心动·一阶,10,40000000,290000,23,23,23,14,13,2,2,2,2,2,2
17,心动·二阶,20,50000000,320000,26,26,26,15,14,2,2,2,2,2,2
18,心动·三阶,30,60000000,350000,29,29,29,16,15,2,2,2,2,2,2
19,心动·四阶,40,70000000,380000,32,32,32,17,16,2,2,2,2,2,2
20,心动·五阶,50,80000000,410000,35,35,35,18,17,2,2,2,2,2,2
21,金丹·一阶,60,90000000,440000,38,38,38,19,18,2,2,2,2,2,2
22,金丹·二阶,70,100000000,470000,41,41,41,20,19,2,2,2,2,2,2
23,金丹·三阶,80,110000000,500000,44,44,44,21,20,2,2,2,2,2,2
24,金丹·四阶,90,120000000,530000,47,47,47,22,21,2,2,2,2,2,2
25,金丹·五阶,100,130000000,560000,50,50,50,23,22,2,2,2,2,2,2
26,元婴·一阶,10,140000000,590000,53,53,53,24,23,3,3,3,3,3,3
27,元婴·二阶,20,150000000,620000,57,57,57,25,24,3,3,3,3,3,3
28,元婴·三阶,30,160000000,650000,61,61,61,26,25,3,3,3,3,3,3
29,元婴·四阶,40,170000000,680000,65,65,65,27,26,3,3,3,3,3,3
30,元婴·五阶,50,180000000,710000,69,69,69,28,27,3,3,3,3,3,3
31,出窍·一阶,60,190000000,740000,73,73,73,29,28,3,3,3,3,3,3
32,出窍·二阶,70,200000000,770000,77,77,77,30,29,3,3,3,3,3,3
33,出窍·三阶,80,210000000,800000,81,81,81,31,30,3,3,3,3,3,3
34,出窍·四阶,90,220000000,830000,85,85,85,32,31,3,3,3,3,3,3
35,出窍·五阶,100,230000000,860000,89,89,89,33,32,3,3,3,3,3,3
36,分神·一阶,110,240000000,890000,93,93,93,34,33,3,3,3,3,3,3
37,分神·二阶,120,250000000,920000,97,97,97,35,34,3,3,3,3,3,3
38,分神·三阶,10,260000000,950000,101,101,101,36,35,4,4,4,4,4,4
39,分神·四阶,20,270000000,980000,106,106,106,37,36,4,4,4,4,4,4
40,分神·五阶,30,280000000,1010000,111,111,111,38,37,4,4,4,4,4,4
41,合体·一阶,40,290000000,1040000,116,116,116,39,38,4,4,4,4,4,4
42,合体·二阶,50,300000000,1070000,121,121,121,40,39,4,4,4,4,4,4
43,合体·三阶,60,310000000,1100000,126,126,126,41,40,4,4,4,4,4,4
44,合体·四阶,70,320000000,1130000,131,131,131,42,41,4,4,4,4,4,4
45,合体·五阶,80,330000000,1160000,136,136,136,43,42,4,4,4,4,4,4
46,洞虚·一阶,90,340000000,1190000,141,141,141,44,43,4,4,4,4,4,4
47,洞虚·二阶,100,350000000,1220000,146,146,146,45,44,4,4,4,4,4,4
48,洞虚·三阶,110,360000000,1250000,151,151,151,46,45,4,4,4,4,4,4
49,洞虚·四阶,120,370000000,1280000,156,156,156,47,46,4,4,4,4,4,4
50,洞虚·五阶,130,380000000,1310000,161,161,161,48,47,4,4,4,4,4,4
51,大乘·一阶,140,390000000,1340000,166,166,166,49,48,4,4,4,4,4,4
52,大乘·二阶,10,400000000,1370000,171,171,171,50,49,5,5,5,5,5,5
53,大乘·三阶,20,410000000,1400000,177,177,177,51,50,5,5,5,5,5,5
54,大乘·四阶,30,420000000,1430000,183,183,183,52,51,5,5,5,5,5,5
55,大乘·五阶,40,430000000,1460000,189,189,189,53,52,5,5,5,5,5,5
56,渡劫·一阶,50,440000000,1490000,195,195,195,54,53,5,5,5,5,5,5
57,渡劫·二阶,60,450000000,1520000,201,201,201,55,54,5,5,5,5,5,5
58,渡劫·三阶,70,460000000,1550000,207,207,207,56,55,5,5,5,5,5,5
59,渡劫·四阶,80,470000000,1580000,213,213,213,57,56,5,5,5,5,5,5
60,渡劫·五阶,90,480000000,1610000,219,219,219,58,57,5,5,5,5,5,5
61,飞升·一阶,100,490000000,1640000,225,225,225,59,58,5,5,5,5,5,5
62,飞升·二阶,110,500000000,1670000,231,231,231,60,59,5,5,5,5,5,5
63,飞升·三阶,120,510000000,1700000,237,237,237,61,60,5,5,5,5,5,5
64,飞升·四阶,130,520000000,1730000,243,243,243,62,61,5,5,5,5,5,5
65,飞升·五阶,140,530000000,1760000,249,249,249,63,62,5,5,5,5,5,5
66,散仙·一段,150,540000000,1790000,255,255,255,64,63,5,5,5,5,5,5
67,散仙·二段,160,550000000,1820000,261,261,261,65,64,5,5,5,5,5,5
68,散仙·三段,10,560000000,1850000,267,267,267,66,65,6,6,6,6,6,6
69,散仙·四段,20,570000000,1880000,273,273,273,67,66,6,6,6,6,6,6
70,散仙·五段,30,580000000,1910000,279,279,279,68,67,6,6,6,6,6,6
71,散仙·六段,40,590000000,1940000,285,285,285,69,68,6,6,6,6,6,6
72,散仙·七段,50,600000000,1970000,291,291,291,70,69,6,6,6,6,6,6
73,散仙·八段,60,610000000,2000000,297,297,297,71,70,6,6,6,6,6,6
74,散仙·九段,70,620000000,2030000,303,303,303,72,71,6,6,6,6,6,6
75,散仙·十段,80,630000000,2060000,309,309,309,73,72,6,6,6,6,6,6
76,真仙·一段,90,640000000,2090000,315,315,315,74,73,6,6,6,6,6,6
77,真仙·二段,100,650000000,2120000,321,321,321,75,74,6,6,6,6,6,6
78,真仙·三段,110,660000000,2150000,327,327,327,76,75,6,6,6,6,6,6
79,真仙·四段,120,670000000,2180000,333,333,333,77,76,6,6,6,6,6,6
80,真仙·五段,130,680000000,2210000,339,339,339,78,77,6,6,6,6,6,6
81,真仙·六段,140,690000000,2240000,345,345,345,79,78,6,6,6,6,6,6
82,真仙·七段,150,700000000,2270000,351,351,351,80,79,6,6,6,6,6,6
83,真仙·八段,160,710000000,2300000,357,357,357,81,80,6,6,6,6,6,6
84,真仙·九段,170,720000000,2330000,363,363,363,82,81,6,6,6,6,6,6
85,真仙·十段,180,730000000,2360000,369,369,369,83,82,6,6,6,6,6,6
86,玄仙·一段,10,740000000,2390000,375,375,375,84,83,7,7,7,7,7,7
87,玄仙·二段,20,750000000,2420000,381,381,381,85,84,7,7,7,7,7,7
88,玄仙·三段,30,760000000,2450000,387,387,387,86,85,7,7,7,7,7,7
89,玄仙·四段,40,770000000,2480000,393,393,393,87,86,7,7,7,7,7,7
90,玄仙·五段,50,780000000,2510000,399,399,399,88,87,7,7,7,7,7,7
91,玄仙·六段,60,790000000,2540000,405,405,405,89,88,7,7,7,7,7,7
92,玄仙·七段,70,800000000,2570000,411,411,411,90,89,7,7,7,7,7,7
93,玄仙·八段,80,810000000,2600000,417,417,417,91,90,7,7,7,7,7,7
94,玄仙·九段,90,820000000,2630000,423,423,423,92,91,7,7,7,7,7,7
95,玄仙·十段,100,830000000,2660000,429,429,429,93,92,7,7,7,7,7,7
96,金仙·一段,110,840000000,2690000,435,435,435,94,93,7,7,7,7,7,7
97,金仙·二段,120,850000000,2720000,441,441,441,95,94,7,7,7,7,7,7
98,金仙·三段,130,860000000,2750000,447,447,447,96,95,7,7,7,7,7,7
99,金仙·四段,140,870000000,2780000,453,453,453,97,96,7,7,7,7,7,7
100,金仙·五段,150,880000000,2810000,459,459,459,98,97,7,7,7,7,7,7
101,金仙·六段,160,890000000,2840000,465,465,465,99,98,7,7,7,7,7,7
102,金仙·七段,170,900000000,2870000,471,471,471,100,99,7,7,7,7,7,7
103,金仙·八段,180,910000000,2900000,477,477,477,101,100,7,7,7,7,7,7
104,金仙·九段,190,920000000,2930000,483,483,483,102,101,7,7,7,7,7,7
105,金仙·十段,200,930000000,2960000,489,489,489,103,102,7,7,7,7,7,7
106,主神·一段,10,940000000,2990000,495,495,495,104,103,8,9,9,9,9,9
107,主神·二段,20,950000000,3020000,501,501,501,105,104,8,9,9,9,9,9
108,主神·三段,30,960000000,3050000,507,507,507,106,105,8,9,9,9,9,9
109,主神·四段,40,970000000,3080000,513,513,513,107,106,8,9,9,9,9,9
110,主神·五段,50,980000000,3110000,519,519,519,108,107,8,9,9,9,9,9
111,主神·六段,60,990000000,3140000,525,525,525,109,108,8,9,9,9,9,9
112,主神·七段,70,1000000000,3170000,531,531,531,110,109,8,9,9,9,9,9
113,主神·八段,80,1010000000,3200000,537,537,537,111,110,8,9,9,9,9,9
114,主神·九段,90,1020000000,3230000,543,543,543,112,111,8,9,9,9,9,9
115,主神·十段,100,1030000000,3260000,549,549,549,113,112,8,9,9,9,9,9
116,君神·一段,110,1040000000,3290000,555,555,555,114,113,8,9,9,9,9,9
117,君神·二段,120,1050000000,3320000,561,561,561,115,114,8,9,9,9,9,9
118,君神·三段,130,1060000000,3350000,567,567,567,116,115,8,9,9,9,9,9
119,君神·四段,140,1070000000,3380000,573,573,573,117,116,8,9,9,9,9,9
120,君神·五段,150,1080000000,3410000,579,579,579,118,117,8,9,9,9,9,9
121,君神·六段,160,1090000000,3440000,585,585,585,119,118,8,9,9,9,9,9
122,君神·七段,170,1100000000,3470000,591,591,591,120,119,8,9,9,9,9,9
123,君神·八段,180,1110000000,3500000,597,597,597,121,120,8,9,9,9,9,9
124,君神·九段,190,1120000000,3530000,603,603,603,122,121,8,9,9,9,9,9
125,君神·十段,200,1130000000,3560000,609,609,609,123,122,8,9,9,9,9,9
126,帝神·一段,210,1140000000,3590000,615,615,615,124,123,8,9,9,9,9,9
127,帝神·二段,220,1150000000,3620000,621,621,621,125,124,8,9,9,9,9,9
128,帝神·三段,10,1160000000,3650000,627,627,627,126,125,9,10,10,10,10,10
129,帝神·四段,20,1170000000,3680000,633,633,633,127,126,9,10,10,10,10,10
130,帝神·五段,30,1180000000,3710000,639,639,639,128,127,9,10,10,10,10,10
131,帝神·六段,40,1190000000,3740000,645,645,645,129,128,9,10,10,10,10,10
132,帝神·七段,50,1200000000,3770000,651,651,651,130,129,9,10,10,10,10,10
133,帝神·八段,60,1210000000,3800000,657,657,657,131,130,9,10,10,10,10,10
134,帝神·九段,70,1220000000,3830000,663,663,663,132,131,9,10,10,10,10,10
135,帝神·十段,80,1230000000,3860000,669,669,669,133,132,9,10,10,10,10,10
136,皇神·一段,90,1240000000,3890000,675,675,675,134,133,9,10,10,10,10,10
137,皇神·二段,100,1250000000,3920000,681,681,681,135,134,9,10,10,10,10,10
138,皇神·三段,110,1260000000,3950000,687,687,687,136,135,9,10,10,10,10,10
139,皇神·四段,120,1270000000,3980000,693,693,693,137,136,9,10,10,10,10,10
140,皇神·五段,130,1280000000,4010000,699,699,699,138,137,9,10,10,10,10,10
141,皇神·六段,140,1290000000,4040000,705,705,705,139,138,9,10,10,10,10,10
142,皇神·七段,150,1300000000,4070000,711,711,711,140,139,9,10,10,10,10,10
143,皇神·八段,160,1310000000,4100000,717,717,717,141,140,9,10,10,10,10,10
144,皇神·九段,170,1320000000,4130000,723,723,723,142,141,9,10,10,10,10,10
145,皇神·十段,180,1330000000,4160000,729,729,729,143,142,9,10,10,10,10,10
146,尊神·一段,190,1340000000,4190000,735,735,735,144,143,9,10,10,10,10,10
147,尊神·二段,200,1350000000,4220000,741,741,741,145,144,9,10,10,10,10,10
148,尊神·三段,210,1360000000,4250000,747,747,747,146,145,9,10,10,10,10,10
149,尊神·四段,220,1370000000,4280000,753,753,753,147,146,9,10,10,10,10,10
150,尊神·五段,230,1380000000,4310000,759,759,759,148,147,9,10,10,10,10,10
151,尊神·六段,240,1390000000,4340000,765,765,765,149,148,9,10,10,10,10,10
152,尊神·七段,10,1400000000,4370000,800,800,800,150,150,10,10,10,10,10,10
153,尊神·八段,20,1410000000,4400000,820,820,820,160,160,10,10,10,10,10,10
154,尊神·九段,30,1420000000,4430000,840,840,840,170,170,10,10,10,10,10,10
155,尊神·十段,40,1430000000,4460000,860,860,860,180,180,10,10,10,10,10,10
156,太武·一段,50,1440000000,4490000,880,880,880,190,190,10,10,10,10,10,10
157,太武·二段,60,1450000000,4520000,900,900,900,200,200,10,10,10,10,10,10
158,太武·三段,70,1460000000,4550000,920,920,920,210,210,10,10,10,10,10,10
159,太武·四段,80,1470000000,4580000,940,940,940,220,220,10,10,10,10,10,10
160,太武·五段,90,1480000000,4610000,960,960,960,230,230,10,10,10,10,10,10
161,太武·六段,100,1490000000,4640000,980,980,980,240,240,10,10,10,10,10,10
162,太武·七段,110,1500000000,4670000,1000,1000,1000,250,250,10,10,10,10,10,10
163,太武·八段,120,1510000000,4700000,1020,1020,1020,260,260,10,10,10,10,10,10
164,太武·九段,130,1520000000,4730000,1040,1040,1040,270,270,10,10,10,10,10,10
165,太武·十段,140,1530000000,4760000,1060,1060,1060,280,280,10,10,10,10,10,10
166,太道·一段,150,1540000000,4790000,1080,1080,1080,290,290,10,10,10,10,10,10
167,太道·二段,160,1550000000,4820000,1100,1100,1100,300,300,10,10,10,10,10,10
168,太道·三段,170,1560000000,4850000,1120,1120,1120,310,310,10,10,10,10,10,10
169,太道·四段,180,1570000000,4880000,1140,1140,1140,320,320,10,10,10,10,10,10
170,太道·五段,190,1580000000,4910000,1160,1160,1160,330,330,10,10,10,10,10,10
171,太道·六段,200,1590000000,4940000,1180,1180,1180,340,340,10,10,10,10,10,10
172,太道·七段,210,1600000000,4970000,1200,1200,1200,350,350,10,10,10,10,10,10
173,太道·八段,220,1610000000,5000000,1220,1220,1220,360,360,10,10,10,10,10,10
174,太道·九段,230,1620000000,5030000,1240,1240,1240,370,370,10,10,10,10,10,10
175,太道·十段,240,1630000000,5060000,1260,1260,1260,380,380,10,10,10,10,10,10
176,太极·一段,250,1640000000,5090000,1280,1280,1280,390,390,10,10,10,10,10,10
177,太极·二段,260,1650000000,5120000,1300,1300,1300,400,400,10,10,10,10,10,10
178,太极·三段,270,1660000000,5150000,1320,1320,1320,410,410,10,10,10,10,10,10
179,太极·四段,280,1670000000,5180000,1340,1340,1340,420,420,10,10,10,10,10,10
180,太极·五段,290,1680000000,5210000,1360,1360,1360,430,430,10,10,10,10,10,10
181,太极·六段,300,1690000000,5240000,1380,1380,1380,440,440,10,10,10,10,10,10
182,太极·七段,310,1700000000,5270000,1400,1400,1400,450,450,10,10,10,10,10,10
183,太极·八段,320,1710000000,5300000,1420,1420,1420,460,460,10,10,10,10,10,10
184,太极·九段,330,1720000000,5330000,1440,1440,1440,470,470,10,10,10,10,10,10
185,太极·十段,340,1730000000,5360000,1460,1460,1460,480,480,10,10,10,10,10,10
186,太天·一段,350,1740000000,5390000,1480,1480,1480,490,490,10,10,10,10,10,10
187,太天·二段,360,1750000000,5420000,1500,1500,1500,500,500,10,10,10,10,10,10
188,太天·三段,370,1760000000,5450000,1520,1520,1520,510,510,10,10,10,10,10,10
189,太天·四段,380,1770000000,5480000,1540,1540,1540,520,520,10,10,10,10,10,10
190,太天·五段,390,1780000000,5510000,1560,1560,1560,530,530,10,10,10,10,10,10
191,太天·六段,400,1790000000,5540000,1580,1580,1580,540,540,10,10,10,10,10,10
192,太天·七段,410,1800000000,5570000,1600,1600,1600,550,550,10,10,10,10,10,10
193,太天·八段,420,1810000000,5600000,1620,1620,1620,560,560,10,10,10,10,10,10
194,太天·九段,430,1820000000,5630000,1640,1640,1640,570,570,10,10,10,10,10,10
195,太天·十段,440,1830000000,5660000,1660,1660,1660,580,580,10,10,10,10,10,10
196,太使·一段,450,1840000000,5690000,1680,1680,1680,590,590,10,10,10,10,10,10
197,太使·二段,460,1850000000,5720000,1700,1700,1700,600,600,10,10,10,10,10,10
198,太使·三段,470,1860000000,5750000,1720,1720,1720,610,610,10,10,10,10,10,10
199,太使·四段,480,1870000000,5780000,1740,1740,1740,620,620,10,10,10,10,10,10
200,太使·五段,490,1880000000,5810000,1760,1760,1760,630,630,10,10,10,10,10,10
201,太使·六段,500,1890000000,5840000,1780,1780,1780,640,640,10,10,10,10,10,10
202,太使·七段,510,1900000000,5870000,1800,1800,1800,650,650,10,10,10,10,10,10
203,太使·八段,520,1910000000,5900000,1820,1820,1820,660,660,10,10,10,10,10,10
204,太使·九段,530,1920000000,5930000,1840,1840,1840,670,670,10,10,10,10,10,10
205,太使·十段,540,1930000000,5960000,1860,1860,1860,680,680,10,10,10,10,10,10
206,主道·一段,550,1940000000,5990000,1880,1880,1880,690,690,10,10,10,10,10,10
207,主道·二段,560,1950000000,6020000,1900,1900,1900,700,700,10,10,10,10,10,10
208,主道·三段,570,1960000000,6050000,1920,1920,1920,710,710,10,10,10,10,10,10
209,主道·四段,580,1970000000,6080000,1940,1940,1940,720,720,10,10,10,10,10,10
210,主道·五段,590,1980000000,6110000,1960,1960,1960,730,730,10,10,10,10,10,10
211,主道·六段,600,1990000000,6140000,1980,1980,1980,740,740,10,10,10,10,10,10
212,主道·七段,610,2000000000,6170000,2000,2000,2000,750,750,10,10,10,10,10,10
213,主道·八段,620,2010000000,6200000,2020,2020,2020,760,760,10,10,10,10,10,10
214,主道·九段,630,2020000000,6230000,2040,2040,2040,770,770,10,10,10,10,10,10
215,主道·十段,640,2030000000,6260000,2060,2060,2060,780,780,10,10,10,10,10,10
216,主魔·一段,650,2040000000,6290000,2080,2080,2080,790,790,10,10,10,10,10,10
217,主魔·二段,660,2050000000,6320000,2100,2100,2100,800,800,10,10,10,10,10,10
218,主魔·三段,670,2060000000,6350000,2120,2120,2120,810,810,10,10,10,10,10,10
219,主魔·四段,680,2070000000,6380000,2140,2140,2140,820,820,10,10,10,10,10,10
220,主魔·五段,690,2080000000,6410000,2160,2160,2160,830,830,10,10,10,10,10,10
221,主魔·六段,700,2090000000,6440000,2180,2180,2180,840,840,10,10,10,10,10,10
222,主魔·七段,710,2100000000,6470000,2200,2200,2200,850,850,10,10,10,10,10,10
223,主魔·八段,720,2110000000,6500000,2220,2220,2220,860,860,10,10,10,10,10,10
224,主魔·九段,730,2120000000,6530000,2240,2240,2240,870,870,10,10,10,10,10,10
225,主魔·十段,740,2130000000,6560000,2260,2260,2260,880,880,10,10,10,10,10,10
226,主仙·一段,750,2140000000,6590000,2280,2280,2280,890,890,10,10,10,10,10,10
227,主仙·二段,760,2150000000,6620000,2300,2300,2300,900,900,10,10,10,10,10,10
228,主仙·三段,770,2160000000,6650000,2320,2320,2320,910,910,10,10,10,10,10,10
229,主仙·四段,780,2170000000,6680000,2340,2340,2340,920,920,10,10,10,10,10,10
230,主仙·五段,790,2180000000,6710000,2360,2360,2360,930,930,10,10,10,10,10,10
231,主仙·六段,800,2190000000,6740000,2380,2380,2380,940,940,10,10,10,10,10,10
232,主仙·七段,810,2200000000,6770000,2400,2400,2400,950,950,10,10,10,10,10,10
233,主仙·八段,820,2210000000,6800000,2420,2420,2420,960,960,10,10,10,10,10,10
234,主仙·九段,830,2220000000,6830000,2440,2440,2440,970,970,10,10,10,10,10,10
235,主仙·十段,840,2230000000,6860000,2460,2460,2460,980,980,10,10,10,10,10,10
236,主宰·一段,850,2240000000,6890000,2480,2480,2480,990,990,10,10,10,10,10,10
237,主宰·二段,860,2250000000,6920000,2500,2500,2500,1000,1000,10,10,10,10,10,10
238,主宰·三段,870,2260000000,6950000,2520,2520,2520,1010,1010,10,10,10,10,10,10
239,主宰·四段,880,2270000000,6980000,2540,2540,2540,1020,1020,10,10,10,10,10,10
240,主宰·五段,890,2280000000,7010000,2560,2560,2560,1030,1030,10,10,10,10,10,10
241,主宰·六段,900,2290000000,7040000,2580,2580,2580,1040,1040,10,10,10,10,10,10
242,主宰·七段,910,2300000000,7070000,2600,2600,2600,1050,1050,10,10,10,10,10,10
243,主宰·八段,920,2310000000,7100000,2620,2620,2620,1060,1060,10,10,10,10,10,10
244,主宰·九段,930,2320000000,7130000,2640,2640,2640,1070,1070,10,10,10,10,10,10
245,主宰·十段,940,2330000000,7160000,2660,2660,2660,1080,1080,10,10,10,10,10,10
246,鸿蒙·来客,950,2340000000,7190000,2680,2680,2680,1090,1090,10,10,10,10,10,10
247,鸿蒙·道仙,960,2350000000,7220000,2700,2700,2700,1100,1100,10,10,10,10,10,10
248,鸿蒙·尊王,970,2360000000,7250000,2720,2720,2720,1110,1110,10,10,10,10,10,10
249,鸿蒙·天神,980,2370000000,7280000,2740,2740,2740,1120,1120,10,10,10,10,10,10
250,鸿蒙·帝主,990,2380000000,7310000,2760,2760,2760,1130,1130,10,10,10,10,10,10
251,鸿蒙·主宰,1000,2390000000,7340000,2780,2780,2780,1140,1140,10,10,10,10,10,10
