id,path
14,assets/equipment/armor-0.png
15,assets/equipment/armor-0.png
16,assets/equipment/sword-0.png
17,assets/equipment/sword-0.png
18,assets/equipment/sword-0.png
19,assets/equipment/armor-0.png
20,assets/equipment/armor-0.png
21,assets/equipment/sword-1.png
23,assets/equipment/sword-0.png
24,assets/equipment/axe-0.png
25,assets/equipment/armor-0.png
26,assets/equipment/armor-0.png
27,assets/equipment/armor-0.png
28,assets/equipment/armor-0.png
29,assets/equipment/armor-0.png
30,assets/equipment/armor-0.png
31,assets/equipment/sword-0.png
32,assets/equipment/sword-1.png
33,assets/equipment/sword-1.png
34,assets/equipment/sword-0.png
35,assets/equipment/sword-0.png
36,assets/equipment/sword-1.png
37,assets/equipment/sword-0.png
38,assets/equipment/sword-0.png
39,assets/equipment/sword-0.png
40,assets/equipment/ring-0.png
41,assets/equipment/helmet-0.png
42,assets/equipment/necklace-0.png
43,assets/equipment/bracelet-0.png
44,assets/equipment/sword-0.png
45,assets/equipment/staff-1.png
46,assets/equipment/sword-0.png
47,assets/equipment/ring-0.png
48,assets/equipment/ring-0.png
49,assets/equipment/ring-0.png
50,assets/equipment/ring-0.png
51,assets/equipment/necklace-0.png
52,assets/equipment/necklace-0.png
53,assets/equipment/necklace-0.png
54,assets/equipment/helmet-0.png
55,assets/equipment/sword-0.png
56,assets/equipment/bracelet-0.png
57,assets/equipment/bracelet-0.png
58,assets/equipment/bracelet-0.png
59,assets/equipment/ring-0.png
60,assets/equipment/ring-0.png
61,assets/equipment/necklace-0.png
62,assets/equipment/necklace-0.png
63,assets/equipment/ring-0.png
64,assets/equipment/ring-0.png
65,assets/equipment/necklace-0.png
66,assets/equipment/ring-1.png
67,assets/equipment/necklace-0.png
68,assets/equipment/sword-0.png
69,assets/equipment/sword-0.png
70,assets/equipment/necklace-0.png
71,assets/equipment/bracelet-0.png
72,assets/equipment/bracelet-0.png
73,assets/equipment/bracelet-0.png
74,assets/equipment/sword-0.png
75,assets/equipment/ring-0.png
76,assets/equipment/ring-0.png
77,assets/equipment/necklace-0.png
78,assets/equipment/ring-1.png
79,assets/equipment/necklace-0.png
80,assets/equipment/ring-0.png
81,assets/equipment/necklace-0.png
82,assets/equipment/necklace-0.png
83,assets/equipment/ring-1.png
84,assets/equipment/ring-0.png
85,assets/equipment/necklace-0.png
86,assets/equipment/ring-1.png
87,assets/equipment/ring-1.png
88,assets/equipment/ring-1.png
89,assets/equipment/bracelet-0.png
90,assets/equipment/helmet-1.png
91,assets/equipment/bracelet-0.png
92,assets/equipment/bracelet-0.png
93,assets/equipment/helmet-0.png
94,assets/equipment/ring-0.png
95,assets/equipment/bracelet-1.png
96,assets/equipment/necklace-1.png
97,assets/equipment/necklace-0.png
98,assets/equipment/bracelet-0.png
99,assets/equipment/bracelet-0.png
100,assets/equipment/necklace-0.png
101,assets/equipment/bracelet-0.png
102,assets/equipment/bracelet-1.png
103,assets/equipment/necklace-1.png
104,assets/equipment/ring-0.png
105,assets/equipment/ring-0.png
106,assets/equipment/ring-0.png
107,assets/equipment/ring-0.png
108,assets/equipment/ring-0.png
109,assets/equipment/ring-0.png
110,assets/equipment/ring-0.png
111,assets/equipment/ring-0.png
112,assets/equipment/ring-0.png
113,assets/equipment/bracelet-0.png
114,assets/equipment/necklace-0.png
115,assets/equipment/bracelet-0.png
116,assets/equipment/necklace-0.png
117,assets/equipment/sword-1.png
118,assets/equipment/sword-1.png
119,assets/equipment/staff-1.png
120,assets/equipment/ring-1.png
121,assets/equipment/necklace-1.png
122,assets/equipment/bracelet-1.png
123,assets/equipment/helmet-1.png
124,assets/equipment/sword-0.png
125,assets/equipment/bracelet-0.png
126,assets/equipment/necklace-0.png
127,assets/equipment/ring-0.png
128,assets/equipment/helmet-0.png
129,assets/equipment/necklace-1.png
130,assets/equipment/ring-2.png
131,assets/equipment/bracelet-0.png
132,assets/equipment/helmet-2.png
133,assets/equipment/sword-1.png
134,assets/equipment/sword-1.png
135,assets/equipment/staff-1.png
136,assets/equipment/sword-1.png
137,assets/equipment/staff-1.png
139,assets/equipment/helmet-0.png
140,assets/equipment/ring-0.png
141,assets/equipment/ring-0.png
142,assets/equipment/bracelet-1.png
143,assets/equipment/bracelet-1.png
144,assets/equipment/bracelet-1.png
145,assets/equipment/necklace-0.png
146,assets/equipment/necklace-0.png
147,assets/equipment/ring-0.png
148,assets/equipment/bracelet-0.png
149,assets/equipment/helmet-0.png
150,assets/equipment/bracelet-0.png
151,assets/equipment/sword-1.png
152,assets/equipment/ring-1.png
153,assets/equipment/bracelet-1.png
154,assets/equipment/necklace-1.png
155,assets/equipment/ring-1.png
156,assets/equipment/bracelet-1.png
157,assets/equipment/necklace-1.png
158,assets/equipment/armor-2.png
159,assets/equipment/armor-2.png
160,assets/equipment/armor-1.png
161,assets/equipment/armor-1.png
162,assets/equipment/armor-1.png
163,assets/equipment/armor-1.png
164,assets/equipment/armor-0.png
165,assets/equipment/armor-0.png
166,assets/equipment/helmet-1.png
167,assets/equipment/necklace-1.png
168,assets/equipment/bracelet-1.png
169,assets/equipment/ring-1.png
170,assets/equipment/helmet-1.png
171,assets/equipment/necklace-1.png
172,assets/equipment/bracelet-1.png
173,assets/equipment/ring-1.png
174,assets/equipment/helmet-1.png
175,assets/equipment/necklace-1.png
176,assets/equipment/bracelet-1.png
177,assets/equipment/ring-1.png
178,assets/equipment/sword-0.png
179,assets/equipment/necklace-0.png
180,assets/equipment/sword-2.png
181,assets/equipment/staff-1.png
182,assets/equipment/sword-2.png
183,assets/equipment/armor-1.png
184,assets/equipment/armor-1.png
185,assets/equipment/armor-1.png
186,assets/equipment/armor-1.png
187,assets/equipment/armor-1.png
188,assets/equipment/armor-1.png
189,assets/equipment/sword-2.png
227,assets/equipment/sword-1.png
228,assets/equipment/armor-1.png
229,assets/equipment/armor-1.png
230,assets/equipment/helmet-1.png
231,assets/equipment/necklace-1.png
232,assets/equipment/bracelet-1.png
233,assets/equipment/ring-1.png
240,assets/equipment/boots-0.png
241,assets/equipment/boots-0.png
242,assets/equipment/boots-1.png
243,assets/equipment/boots-1.png
244,assets/equipment/belt-0.png
245,assets/equipment/belt-0.png
246,assets/equipment/belt-1.png
247,assets/equipment/belt-1.png
248,assets/equipment/necklace-0.png
249,assets/equipment/bracelet-0.png
250,assets/equipment/ring-0.png
251,assets/equipment/necklace-0.png
252,assets/equipment/bracelet-0.png
253,assets/equipment/ring-0.png
254,assets/equipment/necklace-0.png
255,assets/equipment/bracelet-0.png
256,assets/equipment/ring-0.png
257,assets/equipment/necklace-0.png
258,assets/equipment/bracelet-0.png
259,assets/equipment/ring-0.png
260,assets/equipment/belt-0.png
261,assets/equipment/boots-0.png
262,assets/equipment/necklace-0.png
263,assets/equipment/bracelet-0.png
264,assets/equipment/ring-0.png
265,assets/equipment/boots-0.png
266,assets/equipment/belt-0.png
267,assets/equipment/necklace-0.png
268,assets/equipment/bracelet-0.png
269,assets/equipment/ring-0.png
270,assets/equipment/boots-0.png
271,assets/equipment/belt-0.png
272,assets/equipment/armor-0.png
273,assets/equipment/armor-0.png
274,assets/equipment/armor-0.png
275,assets/equipment/armor-0.png
276,assets/equipment/armor-0.png
277,assets/equipment/armor-0.png
278,assets/equipment/armor-0.png
279,assets/equipment/armor-0.png
280,assets/equipment/sword-0.png
281,assets/equipment/staff-0.png
282,assets/equipment/sword-0.png
341,assets/equipment/armor-0.png
342,assets/equipment/armor-0.png
343,assets/equipment/armor-0.png
344,assets/equipment/armor-0.png
347,assets/equipment/gem-0.png
357,assets/equipment/helmet-0.png
358,assets/equipment/necklace-0.png
359,assets/equipment/bracelet-0.png
360,assets/equipment/ring-0.png
361,assets/equipment/belt-0.png
362,assets/equipment/boots-0.png
363,assets/equipment/sword-0.png
364,assets/equipment/staff-0.png
365,assets/equipment/sword-0.png
366,assets/equipment/sword-0.png
367,assets/equipment/helmet-0.png
368,assets/equipment/necklace-0.png
369,assets/equipment/ring-0.png
370,assets/equipment/bracelet-0.png
371,assets/equipment/belt-0.png
372,assets/equipment/boots-0.png
373,assets/equipment/helmet-0.png
374,assets/equipment/necklace-0.png
375,assets/equipment/ring-0.png
376,assets/equipment/bracelet-0.png
377,assets/equipment/belt-0.png
378,assets/equipment/boots-0.png
379,assets/equipment/helmet-0.png
380,assets/equipment/necklace-0.png
381,assets/equipment/ring-0.png
382,assets/equipment/bracelet-0.png
383,assets/equipment/belt-0.png
384,assets/equipment/boots-0.png
385,assets/equipment/ring-0.png
386,assets/equipment/bracelet-0.png
387,assets/equipment/necklace-0.png
388,assets/equipment/boots-0.png
389,assets/equipment/belt-0.png
390,assets/equipment/helmet-0.png
391,assets/equipment/armor-0.png
392,assets/equipment/armor-0.png
393,assets/equipment/armor-0.png
394,assets/equipment/armor-0.png
395,assets/equipment/armor-0.png
396,assets/equipment/armor-0.png
397,assets/equipment/sword-0.png
398,assets/equipment/staff-0.png
399,assets/equipment/sword-0.png
422,assets/equipment/ring-0.png
423,assets/equipment/bracelet-0.png
424,assets/equipment/necklace-0.png
425,assets/equipment/helmet-0.png
426,assets/equipment/belt-0.png
427,assets/equipment/boots-0.png
428,assets/equipment/sword-0.png
429,assets/equipment/armor-0.png
430,assets/equipment/armor-0.png
431,assets/equipment/ring-0.png
432,assets/equipment/bracelet-0.png
433,assets/equipment/necklace-0.png
434,assets/equipment/helmet-0.png
435,assets/equipment/belt-0.png
436,assets/equipment/boots-0.png
437,assets/equipment/sword-0.png
438,assets/equipment/armor-0.png
439,assets/equipment/armor-0.png
447,assets/equipment/sword-1.png
448,assets/equipment/armor-1.png
449,assets/equipment/armor-1.png
450,assets/equipment/ring-0.png
451,assets/equipment/bracelet-0.png
452,assets/equipment/necklace-0.png
453,assets/equipment/helmet-0.png
454,assets/equipment/belt-0.png
455,assets/equipment/boots-0.png
456,assets/equipment/sword-0.png
457,assets/equipment/armor-0.png
458,assets/equipment/armor-0.png
459,assets/equipment/ring-0.png
460,assets/equipment/bracelet-0.png
461,assets/equipment/necklace-0.png
462,assets/equipment/helmet-0.png
463,assets/equipment/belt-0.png
464,assets/equipment/boots-0.png
465,assets/equipment/sword-0.png
466,assets/equipment/armor-0.png
467,assets/equipment/armor-0.png
468,assets/equipment/helmet-0.png
469,assets/equipment/helmet-0.png
479,assets/equipment/ring-0.png
480,assets/equipment/ring-0.png
481,assets/equipment/ring-0.png
482,assets/equipment/ring-0.png
521,assets/equipment/ring-2.png
522,assets/equipment/bracelet-2.png
523,assets/equipment/necklace-2.png
524,assets/equipment/helmet-2.png
525,assets/equipment/belt-2.png
526,assets/equipment/boots-2.png
527,assets/equipment/sword-2.png
528,assets/equipment/armor-2.png
529,assets/equipment/armor-2.png
530,assets/equipment/helmet-2.png
531,assets/equipment/ring-2.png
532,assets/equipment/bracelet-2.png
533,assets/equipment/necklace-2.png
534,assets/equipment/helmet-2.png
535,assets/equipment/belt-2.png
536,assets/equipment/boots-2.png
537,assets/equipment/sword-2.png
538,assets/equipment/armor-2.png
539,assets/equipment/armor-2.png
540,assets/equipment/helmet-2.png
560,assets/equipment/ring-2.png
561,assets/equipment/bracelet-2.png
562,assets/equipment/necklace-2.png
563,assets/equipment/helmet-2.png
564,assets/equipment/belt-2.png
565,assets/equipment/boots-2.png
566,assets/equipment/sword-2.png
567,assets/equipment/armor-2.png
568,assets/equipment/armor-2.png
575,assets/equipment/ring-2.png
576,assets/equipment/bracelet-2.png
577,assets/equipment/necklace-2.png
578,assets/equipment/helmet-2.png
579,assets/equipment/belt-2.png
580,assets/equipment/boots-2.png
581,assets/equipment/ring-2.png
582,assets/equipment/bracelet-2.png
583,assets/equipment/necklace-2.png
584,assets/equipment/helmet-2.png
585,assets/equipment/belt-2.png
586,assets/equipment/boots-2.png
587,assets/equipment/ring-2.png
588,assets/equipment/bracelet-2.png
589,assets/equipment/necklace-2.png
590,assets/equipment/helmet-2.png
591,assets/equipment/belt-2.png
592,assets/equipment/boots-2.png
593,assets/equipment/ring-2.png
594,assets/equipment/bracelet-2.png
595,assets/equipment/necklace-2.png
596,assets/equipment/helmet-2.png
597,assets/equipment/belt-2.png
598,assets/equipment/boots-2.png
599,assets/equipment/ring-2.png
600,assets/equipment/bracelet-2.png
601,assets/equipment/necklace-2.png
602,assets/equipment/helmet-2.png
603,assets/equipment/belt-2.png
604,assets/equipment/boots-2.png
605,assets/equipment/ring-2.png
606,assets/equipment/bracelet-2.png
607,assets/equipment/necklace-2.png
608,assets/equipment/helmet-2.png
609,assets/equipment/belt-2.png
610,assets/equipment/boots-2.png
611,assets/equipment/ring-2.png
612,assets/equipment/bracelet-2.png
613,assets/equipment/necklace-2.png
614,assets/equipment/helmet-2.png
615,assets/equipment/belt-2.png
616,assets/equipment/boots-2.png
617,assets/equipment/ring-2.png
618,assets/equipment/bracelet-2.png
619,assets/equipment/necklace-2.png
620,assets/equipment/helmet-2.png
621,assets/equipment/belt-2.png
622,assets/equipment/boots-2.png
623,assets/equipment/ring-2.png
624,assets/equipment/bracelet-2.png
625,assets/equipment/necklace-2.png
626,assets/equipment/helmet-2.png
627,assets/equipment/belt-2.png
628,assets/equipment/boots-2.png
629,assets/equipment/ring-2.png
630,assets/equipment/bracelet-2.png
631,assets/equipment/necklace-2.png
632,assets/equipment/helmet-2.png
633,assets/equipment/belt-2.png
634,assets/equipment/boots-2.png
635,assets/equipment/ring-2.png
636,assets/equipment/bracelet-2.png
637,assets/equipment/necklace-2.png
638,assets/equipment/helmet-2.png
639,assets/equipment/belt-2.png
640,assets/equipment/boots-2.png
641,assets/equipment/sword-2.png
642,assets/equipment/armor-2.png
643,assets/equipment/armor-2.png
653,assets/equipment/sword-2.png
654,assets/equipment/sword-2.png
655,assets/equipment/sword-2.png
656,assets/equipment/sword-2.png
657,assets/equipment/sword-2.png
658,assets/equipment/sword-2.png
659,assets/equipment/sword-2.png
660,assets/equipment/sword-2.png
661,assets/equipment/sword-2.png
662,assets/equipment/armor-2.png
663,assets/equipment/armor-2.png
664,assets/equipment/armor-2.png
665,assets/equipment/armor-2.png
666,assets/equipment/armor-2.png
667,assets/equipment/armor-2.png
668,assets/equipment/armor-2.png
669,assets/equipment/armor-2.png
670,assets/equipment/armor-2.png
671,assets/equipment/armor-2.png
672,assets/equipment/armor-2.png
673,assets/equipment/armor-2.png
674,assets/equipment/armor-2.png
675,assets/equipment/armor-2.png
676,assets/equipment/armor-2.png
677,assets/equipment/armor-2.png
678,assets/equipment/armor-2.png
679,assets/equipment/armor-2.png
698,assets/equipment/book-0.png
