id,name,slot,min_level,picture,category,hp,mp,attack_min,attack_max,magic_min,magic_max,tao_min,tao_max,defense_min,defense_max,magic_defense_min,magic_defense_max,required_job,required_rebirth,weight,sell_price,stack_limit,description
1,金币,-1,1,116,其他,0,0,0,0,0,0,0,0,0,0,0,0,-1,0,0,100,1,-
2,元宝,-1,1,1121,其他,0,0,0,0,0,0,0,0,0,0,0,0,-1,0,0,1000,1,-
3,经验,-1,1,1187,其他,0,0,0,0,0,0,0,0,0,0,0,0,-1,0,0,0,1,-
4,声望,-1,1,1186,其他,0,0,0,0,0,0,0,0,0,0,0,0,-1,0,0,0,1,-
5,战功,-1,1,1137,其他,0,0,0,0,0,0,0,0,0,0,0,0,-1,0,0,0,1,-
6,累冲,-1,1,861,其他,0,0,0,0,0,0,0,0,0,0,0,0,-1,0,0,0,1,-
7,红包,-1,1,1019,其他,0,0,0,0,0,0,0,0,0,0,0,0,-1,0,0,0,1,-
8,积分,-1,1,1134,其他,0,0,0,0,0,0,0,0,0,0,0,0,-1,0,0,0,1,-
9,储备经验,-1,1,1689,其他,0,0,0,0,0,0,0,0,0,0,0,0,-1,0,0,0,1,-
10,推广币,-1,1,1336,其他,0,0,0,0,0,0,0,0,0,0,0,0,-1,0,0,0,1,-
11,肉,-1,1,2,道具,0,0,0,0,0,0,0,0,0,0,0,0,-1,0,3,150,99999,-
12,干肉,-1,1,6,道具,0,0,0,0,0,0,0,0,0,0,0,0,-1,0,1,200,99999,-
13,鸡肉,-1,1,14,道具,0,0,0,0,0,0,0,0,0,0,0,0,-1,0,1,100,99999,-
14,布衣(男),1,1,61,装备,0,0,0,0,0,0,0,0,0,2,0,1,-1,0,5,400,1,-
15,布衣(女),1,1,81,装备,0,0,0,0,0,0,0,0,0,2,0,1,-1,0,5,400,1,-
16,木剑,0,1,31,装备,0,0,2,5,0,0,0,0,0,0,0,0,-1,0,7,50,1,-
17,铁剑,0,10,37,装备,0,0,5,9,0,0,0,0,0,0,0,0,-1,0,10,1000,1,-
18,青铜剑,0,5,32,装备,0,0,3,7,0,0,0,0,0,0,0,0,-1,0,9,900,1,-
19,轻型盔甲(男),1,11,62,装备,0,0,0,0,0,0,0,0,3,3,1,2,-1,0,8,3000,1,-
20,轻型盔甲(女),1,11,82,装备,0,0,0,0,0,0,0,0,3,3,1,2,-1,0,8,3000,1,-
21,凝霜,0,25,46,装备,0,0,10,13,0,0,0,0,0,0,0,0,-1,0,20,8000,1,-
22,蜡烛,-1,1,131,装备,0,0,0,0,0,0,0,0,0,0,0,0,-1,0,1,10,1,-
23,短剑,0,10,34,装备,0,0,3,11,0,0,0,0,0,0,0,0,-1,0,9,1000,1,-
24,青铜斧,0,13,33,装备,0,0,0,15,0,0,0,0,0,0,0,0,-1,0,10,1500,1,-
25,重盔甲(女),1,22,83,装备,0,0,0,0,0,0,0,0,4,7,2,3,0,0,23,10000,1,-
26,魔法长袍(女),1,22,84,装备,0,0,0,0,0,2,0,0,3,5,3,4,1,0,12,200,1,-
27,灵魂战衣(女),1,22,85,装备,0,0,0,0,0,0,0,2,3,6,3,3,2,0,15,9091,1,-
28,重盔甲(男),1,22,63,装备,0,0,0,0,0,0,0,0,4,7,2,3,0,0,23,10000,1,-
29,魔法长袍(男),1,22,64,装备,0,0,0,0,0,2,0,0,3,5,3,4,1,0,12,9091,1,-
30,灵魂战衣(男),1,22,65,装备,0,0,0,0,0,0,0,2,3,6,3,3,2,0,15,9091,1,-
31,匕首,0,1,36,装备,0,0,4,5,0,0,0,0,0,0,0,0,-1,0,5,500,1,-
32,井中月,0,28,49,装备,0,0,7,22,0,0,0,0,0,0,0,0,-1,0,58,30000,1,-
33,银蛇,0,26,39,装备,0,0,7,14,0,0,1,3,0,1,0,0,-1,0,26,15000,1,-
34,海魂,0,15,40,装备,0,0,3,10,1,2,0,0,0,0,0,0,-1,0,12,3000,1,-
35,修罗,0,22,41,装备,0,0,0,20,0,0,0,0,0,0,0,0,-1,0,40,10000,1,-
36,炼狱,0,26,42,装备,0,0,0,25,0,0,0,0,0,0,0,0,-1,0,60,20000,1,-
37,凌风,0,19,35,装备,0,0,6,12,0,0,0,0,0,0,0,0,-1,0,20,4545,1,-
38,破魂,0,20,52,装备,0,0,8,10,0,0,0,0,0,2,0,0,-1,0,8,5000,1,-
39,斩马刀,0,20,38,装备,0,0,5,15,0,0,0,0,0,0,0,0,-1,0,27,6000,1,-
40,古铜戒指,6,3,146,装备,0,0,0,1,0,0,0,0,0,0,0,0,-1,0,1,500,1,-
41,青铜头盔,2,10,101,装备,0,0,0,0,0,0,0,0,0,1,0,0,-1,0,4,909,1,-
42,金项链,3,2,223,装备,0,0,0,1,0,0,0,0,0,0,0,1,-1,0,1,500,1,-
43,铁手镯,4,3,181,装备,0,0,0,0,0,0,0,0,0,1,0,0,-1,0,1,800,1,-
44,乌木剑,0,1,44,装备,0,0,4,8,0,1,0,0,0,0,0,0,-1,0,8,3636,1,-
45,魔杖,0,26,43,装备,0,0,5,9,2,5,0,0,0,0,0,0,-1,0,10,15000,1,-
46,八荒,0,15,45,装备,0,0,4,12,0,0,0,0,0,0,0,0,-1,0,25,4545,1,-
47,玻璃戒指,6,7,144,装备,0,0,0,0,0,0,0,1,0,0,0,0,-1,0,1,800,1,-
48,牛角戒指,6,9,141,装备,0,0,0,1,0,0,0,0,0,0,0,1,-1,0,1,1000,1,-
49,蓝色水晶戒指,6,16,143,装备,0,0,1,0,0,0,0,0,0,0,0,2,-1,0,1,1500,1,-
50,六角戒指,6,7,145,装备,0,0,0,0,0,1,0,0,0,0,0,0,-1,0,1,800,1,-
51,黑檀项链,3,13,221,装备,0,0,0,0,1,0,0,0,0,0,0,0,-1,0,1,1200,1,-
52,黄色水晶项链,3,13,222,装备,0,0,0,0,0,0,1,0,0,0,0,0,-1,0,1,1200,1,-
53,黑色水晶项链,3,13,226,装备,0,0,1,0,0,0,0,0,0,0,0,0,-1,0,1,1500,1,-
54,魔法头盔,2,14,101,装备,0,0,0,0,0,0,0,0,0,1,1,1,-1,0,4,1818,1,-
55,半月,0,15,47,装备,0,0,5,10,0,1,1,1,0,0,0,0,-1,0,16,3000,1,-
56,皮制手套,4,7,191,装备,0,0,0,0,0,0,0,0,0,1,0,0,-1,0,2,1500,1,-
57,坚固手套,4,18,192,装备,0,0,0,0,0,0,0,0,0,2,0,0,-1,0,3,6364,1,-
58,钢手镯,4,8,181,装备,0,0,0,0,0,0,0,0,0,1,0,1,-1,0,1,1818,1,-
59,生铁戒指,6,9,142,装备,0,0,0,0,0,1,0,0,0,2,0,0,-1,0,1,2727,1,-
60,金戒指,6,20,149,装备,0,0,1,1,1,1,1,1,0,0,0,3,-1,0,1,7273,1,-
61,灯笼项链,3,18,234,装备,0,0,1,0,0,0,0,0,0,1,0,0,-1,0,1,2727,1,-
62,白色虎齿项链,3,11,231,装备,0,0,0,0,0,0,1,1,0,2,0,0,-1,0,1,3636,1,-
63,魅力戒指,6,23,160,装备,0,0,0,0,1,2,0,0,0,0,0,0,-1,0,1,3636,1,-
64,道德戒指,6,23,154,装备,0,0,0,0,0,0,1,2,0,0,0,0,-1,0,1,3636,1,-
65,白金项链,3,10,232,装备,0,0,0,0,0,2,0,0,0,0,0,0,-1,0,1,1818,1,-
66,降妖除魔戒指,6,25,153,装备,0,0,1,2,1,2,1,2,0,0,0,4,-1,0,1,8000,1,-
67,躲避手链,3,12,239,装备,0,0,0,0,0,0,0,0,0,0,0,3,-1,0,1,20000,1,-
68,偃月,0,20,50,装备,0,0,4,10,1,3,0,0,0,0,0,0,-1,0,13,9091,1,-
69,降魔,0,20,48,装备,0,0,6,11,0,0,1,2,0,1,0,0,-1,0,20,9091,1,-
70,传统项链,3,3,238,装备,0,0,0,0,0,0,0,0,0,1,0,0,-1,0,1,1000,1,-
71,小手镯,4,5,193,装备,0,0,0,0,0,0,0,0,0,0,0,1,-1,0,1,1000,1,-
72,银手镯,4,7,203,装备,0,0,0,0,0,0,0,0,0,0,0,1,-1,0,2,1500,1,-
73,大手镯,4,9,204,装备,0,0,0,0,0,0,0,0,1,1,0,0,-1,0,2,4545,1,-
74,鹤嘴锄,0,1,51,装备,0,0,0,8,0,0,0,0,0,0,0,0,-1,0,10,700,1,-
75,隐身戒指,6,12,175,装备,0,0,0,0,0,0,0,0,0,0,0,2,-1,0,1,20000,1,-
76,黑色水晶戒指,6,20,164,装备,0,0,0,2,0,0,0,0,0,0,0,0,-1,0,1,1818,1,-
77,魔鬼项链,3,17,236,装备,0,0,2,0,0,0,0,0,0,0,0,0,-1,0,1,2500,1,-
78,珊瑚戒指,6,25,165,装备,0,0,0,4,0,0,0,0,0,0,0,0,-1,0,1,10000,1,-
79,蓝翡翠项链,3,23,247,装备,0,0,2,2,0,0,0,0,0,0,0,0,-1,0,1,9091,1,-
80,蛇眼戒指,6,20,166,装备,0,0,0,0,0,2,0,0,0,0,0,0,-1,0,1,1818,1,-
81,琥珀项链,3,17,237,装备,0,0,0,0,2,0,0,0,0,0,0,0,-1,0,1,1818,1,-
82,放大镜,3,24,246,装备,0,0,0,0,1,3,0,0,0,0,0,0,-1,0,1,6000,1,-
83,红宝石戒指,6,27,167,装备,0,0,0,0,0,4,0,0,0,0,0,0,-1,0,1,10000,1,-
84,珍珠戒指,6,20,162,装备,0,0,0,0,0,0,0,2,0,0,0,0,-1,0,1,1818,1,-
85,竹笛,3,24,243,装备,0,0,0,0,0,0,1,3,0,0,0,0,-1,0,1,6000,1,-
86,铂金戒指,6,27,174,装备,0,0,0,0,0,0,0,4,0,0,0,0,-1,0,1,10000,1,-
87,骷髅戒指,6,30,178,装备,0,0,0,3,0,0,0,0,0,0,0,0,-1,0,1,4545,1,-
88,龙之戒指,6,37,170,装备,0,0,0,5,0,0,0,0,0,0,0,0,-1,0,1,15000,1,-
89,死神手套,4,22,189,装备,0,0,1,2,0,0,0,0,0,0,0,0,-1,0,2,8000,1,-
90,骷髅头盔,2,30,104,装备,0,0,0,0,0,0,0,0,2,3,0,0,-1,0,5,7273,1,-
91,魔法手镯,4,18,206,装备,0,0,0,0,0,0,0,0,0,1,1,2,-1,0,1,4000,1,-
92,金手镯,4,23,208,装备,0,0,0,1,0,0,0,0,0,0,2,3,-1,0,1,6364,1,-
93,道士头盔,2,24,107,装备,0,0,0,0,0,0,0,0,1,2,2,3,-1,0,3,5000,1,-
94,传送戒指,6,12,173,装备,0,0,0,0,0,0,0,0,0,0,0,0,-1,0,1,20000,1,-
95,骑士手镯,4,39,210,装备,0,0,2,2,0,0,0,0,0,0,0,0,-1,0,1,15000,1,-
96,绿色项链,3,37,241,装备,0,0,2,5,0,0,0,0,0,0,0,0,-1,0,1,20000,1,-
97,凤凰明珠,3,17,244,装备,0,0,0,0,0,0,1,2,0,1,0,0,-1,0,1,1818,1,-
98,道士手镯,4,19,199,装备,0,0,0,0,0,0,0,1,0,0,0,0,-1,0,1,3636,1,-
99,三眼手镯,4,22,209,装备,0,0,0,0,0,0,1,3,1,1,0,0,-1,0,1,10000,1,-
100,灵魂项链,3,23,240,装备,0,0,0,0,0,0,1,6,0,2,0,0,-1,0,1,18000,1,-
101,黑檀手镯,4,19,212,装备,0,0,0,0,0,1,0,0,0,0,0,0,-1,0,1,3636,1,-
102,思贝儿手镯,4,26,211,装备,0,0,0,0,0,2,0,0,0,0,0,0,-1,0,1,10000,1,-
103,恶魔铃铛,3,27,245,装备,0,0,0,0,0,7,0,0,0,2,0,0,-1,0,1,18000,1,-
104,麻痹戒指,6,16,169,装备,0,0,0,1,0,0,0,0,0,0,0,0,-1,0,1,20000,1,-
105,复活戒指,6,16,176,装备,0,0,0,0,0,0,0,0,0,1,0,1,-1,0,1,20000,1,-
106,火焰戒指,6,16,172,装备,0,0,0,0,1,2,0,0,0,0,0,0,-1,0,1,20000,1,-
107,防御戒指,6,16,168,装备,0,0,0,0,0,0,1,2,0,0,0,0,-1,0,1,20000,1,-
108,求婚戒指,6,16,171,装备,0,0,0,0,0,0,0,0,0,0,0,0,-1,0,1,20000,1,-
109,护身戒指,6,16,177,装备,0,0,0,0,0,0,0,0,0,1,0,0,-1,0,1,20000,1,-
110,超负载戒指,6,16,171,装备,0,0,0,1,0,0,0,0,0,0,0,0,-1,0,1,20000,1,-
111,技巧项链,6,16,242,装备,0,0,0,0,0,0,0,0,0,0,0,0,-1,0,1,20000,1,-
112,狂风戒指,6,16,163,装备,0,0,0,1,0,0,0,0,1,0,0,0,-1,0,1,20000,1,-
113,夏普儿手镯,4,16,205,装备,0,0,0,0,0,0,0,0,0,2,0,0,-1,0,1,20000,1,-
114,狂风项链,3,19,229,装备,0,0,0,1,0,0,0,0,2,0,0,0,-1,0,1,20000,1,-
115,避邪手镯,4,19,201,装备,0,0,0,0,0,0,0,0,0,0,0,2,-1,0,1,20000,1,-
116,探测项链,3,1,249,装备,0,0,0,0,0,0,0,0,0,0,0,0,-1,0,1,20000,1,-
117,无极棍,0,25,53,装备,0,0,8,16,0,0,3,5,0,0,0,0,-1,0,15,40000,1,-
118,血饮,0,27,54,装备,0,0,6,16,3,5,0,0,0,5,0,0,-1,0,12,40000,1,-
119,裁决之杖,0,30,56,装备,0,0,0,30,0,0,0,0,0,0,0,0,-1,0,80,50000,1,-
120,记忆戒指,6,26,179,装备,0,0,0,0,0,0,1,3,0,0,0,0,-1,0,1,10000,1,-
121,记忆项链,3,26,248,装备,0,0,2,4,0,0,0,0,0,0,0,0,-1,0,1,10000,1,-
122,记忆手镯,4,26,213,装备,0,0,0,0,1,1,0,0,0,0,0,0,-1,0,1,10000,1,-
123,记忆头盔,2,26,110,装备,0,0,0,0,0,0,0,0,3,3,0,0,-1,0,7,10000,1,-
124,祈祷之刃,0,20,55,装备,0,0,8,20,0,0,0,0,0,3,0,1,-1,0,10,30000,1,-
125,祈祷手镯,4,15,214,装备,0,0,0,2,0,0,0,0,0,0,0,0,-1,0,1,10000,1,-
126,祈祷项链,3,15,250,装备,0,0,0,0,0,0,0,4,0,0,0,0,-1,0,1,10000,1,-
127,祈祷戒指,6,15,180,装备,0,0,0,0,1,5,0,0,0,0,0,0,-1,0,1,10000,1,-
128,祈祷头盔,2,18,111,装备,0,0,0,0,0,0,0,0,3,4,1,2,-1,0,2,20000,1,-
129,生命项链,3,25,321,装备,0,0,0,0,1,5,0,0,0,1,0,0,-1,0,1,10000,1,-
130,力量戒指,6,46,337,装备,0,0,0,6,0,0,0,0,0,0,0,0,-1,0,3,20000,1,-
131,心灵手镯,4,24,329,装备,0,0,0,0,0,0,1,2,0,0,0,0,-1,0,1,13000,1,-
132,黑铁头盔,2,46,345,装备,0,0,0,0,0,0,0,0,4,5,2,3,-1,0,20,40000,1,-
133,命运之刃,0,35,66,装备,0,0,12,30,0,0,0,0,0,0,0,0,-1,0,48,23000,1,-
134,屠龙,0,34,58,装备,0,0,5,35,0,0,0,0,0,2,0,0,-1,0,99,60000,1,-
135,骨玉权杖,0,35,60,装备,0,0,6,12,2,6,0,0,0,0,0,0,-1,0,20,50000,1,-
136,龙纹剑,0,35,57,装备,0,0,8,20,0,0,3,8,0,0,0,0,-1,0,40,50000,1,-
137,嗜魂法杖,0,35,59,装备,0,0,6,13,2,30,0,0,0,0,0,0,-1,0,26,50000,1,-
138,火把,-1,1,132,装备,0,0,0,0,0,0,0,0,0,0,0,0,-1,0,3,500,1,-
139,头盔,2,1,106,装备,0,0,0,0,0,0,0,0,0,0,0,0,-1,0,5,10,1,-
140,紫碧螺,6,24,184,装备,0,0,0,0,0,5,0,0,0,0,0,0,-1,0,2,15000,1,-
141,泰坦戒指,6,24,183,装备,0,0,0,0,0,0,2,6,0,0,0,0,-1,0,3,15000,1,-
142,幽灵手套,4,25,187,装备,0,0,0,0,0,0,0,0,0,3,0,0,-1,0,5,8000,1,-
143,阎罗手套,4,30,188,装备,0,0,0,0,0,0,0,0,0,4,0,0,-1,0,10,10000,1,-
144,龙之手镯,4,28,215,装备,0,0,0,0,0,3,0,0,0,0,0,0,-1,0,3,12000,1,-
145,天珠项链,3,22,219,装备,0,0,0,0,0,0,1,5,0,0,0,0,-1,0,1,10000,1,-
146,幽灵项链,3,24,220,装备,0,0,0,5,0,0,0,0,0,0,0,0,-1,0,1,10000,1,-
147,神秘戒指,6,18,182,装备,0,0,0,0,0,0,0,0,0,0,0,0,-1,0,1,1000,1,-
148,神秘腰带,4,18,216,装备,0,0,0,0,0,0,0,0,0,0,0,0,-1,0,1,1000,1,-
149,神秘头盔,2,18,112,装备,0,0,0,0,0,0,0,0,0,0,0,0,-1,0,10,1000,1,-
150,魔力手镯,4,20,291,装备,0,0,0,1,0,0,0,0,0,0,0,0,-1,0,2,7273,1,-
151,赤血魔剑,0,35,67,装备,0,0,15,10,1,7,2,30,0,0,0,0,-1,0,22,100000,1,-
152,魔血戒指,6,33,431,装备,0,0,1,5,0,0,1,0,3,0,0,0,-1,0,2,10000,1,-
153,魔血手镯,4,33,430,装备,0,0,1,1,0,0,1,3,3,0,0,0,-1,0,2,10000,1,-
154,魔血项链,3,33,429,装备,0,0,0,0,1,6,0,0,2,0,0,0,-1,0,2,10000,1,-
155,虹魔戒指,6,33,434,装备,0,0,0,0,1,4,0,0,0,0,3,0,-1,0,2,10000,1,-
156,虹魔手镯,4,33,435,装备,0,0,2,1,0,0,0,0,0,0,3,0,-1,0,2,10000,1,-
157,虹魔项链,3,33,433,装备,0,0,1,3,0,0,1,5,0,0,2,0,-1,0,2,10000,1,-
158,战神盔甲(男),1,46,63,装备,0,0,0,0,0,0,0,0,5,9,3,5,0,0,45,35000,1,-
159,战神盔甲(女),1,46,83,装备,0,0,0,0,0,0,0,0,5,9,3,5,0,0,45,35000,1,-
160,幽灵战衣(男),1,27,65,装备,0,0,0,0,0,0,1,4,4,7,3,3,2,0,26,35000,1,-
161,幽灵战衣(女),1,27,85,装备,0,0,0,0,0,0,1,4,4,7,3,3,2,0,26,35000,1,-
162,恶魔长袍(男),1,28,64,装备,0,0,0,0,1,4,0,0,4,7,3,4,1,0,19,35000,1,-
163,恶魔长袍(女),1,28,84,装备,0,0,0,0,1,4,0,0,4,7,3,4,1,0,19,35000,1,-
164,中型盔甲(男),1,16,62,装备,0,0,0,0,0,0,0,0,3,5,1,2,-1,0,18,5500,1,-
165,中型盔甲(女),1,16,82,装备,0,0,0,0,0,0,0,0,3,5,1,2,-1,0,18,5500,1,-
166,圣战头盔,2,40,105,装备,0,0,0,2,0,0,0,0,4,5,2,5,-1,0,20,20000,1,-
167,圣战项链,3,40,230,装备,0,0,3,6,0,0,0,0,0,0,0,0,-1,0,2,20000,1,-
168,圣战手镯,4,40,197,装备,0,0,2,3,0,0,0,0,0,1,0,0,-1,0,2,20000,1,-
169,圣战戒指,6,40,148,装备,0,0,0,7,0,0,0,0,0,0,0,1,-1,0,2,20000,1,-
170,法神头盔,2,28,102,装备,0,0,0,0,0,2,0,0,4,5,2,3,-1,0,2,20000,1,-
171,法神项链,3,28,227,装备,0,0,0,0,1,8,0,0,1,2,0,0,-1,0,1,20000,1,-
172,法神手镯,4,28,198,装备,0,0,0,0,0,4,0,0,0,1,0,0,-1,0,1,20000,1,-
173,法神戒指,6,28,159,装备,0,0,0,0,1,6,0,0,0,0,0,1,-1,0,1,20000,1,-
174,天尊头盔,2,25,103,装备,0,0,0,0,0,0,0,2,4,5,2,3,-1,0,3,20000,1,-
175,天尊项链,3,25,235,装备,0,0,0,0,0,0,2,7,1,2,0,0,-1,0,1,20000,1,-
176,天尊手镯,4,25,196,装备,0,0,0,0,0,0,1,4,1,2,0,0,-1,0,1,20000,1,-
177,天尊戒指,6,25,158,装备,0,0,0,0,0,0,2,7,0,0,0,1,-1,0,1,20000,1,-
178,罗刹,0,1,41,装备,0,0,15,0,2,0,2,0,0,0,0,0,-1,0,3,10000,1,-
179,祈福项链,3,22,219,装备,0,0,1,5,1,5,1,5,0,0,0,0,-1,0,1,100,1,-
180,怒斩,0,56,71,装备,0,0,12,28,0,0,0,0,0,3,0,0,-1,0,85,85000,1,-
181,龙牙,0,40,70,装备,0,0,10,18,3,25,0,0,0,5,0,0,-1,0,25,85000,1,-
182,逍遥扇,0,45,72,装备,0,0,5,13,0,0,4,25,0,5,0,0,-1,0,45,85000,1,-
183,天魔神甲,1,40,86,装备,0,0,1,2,0,0,0,0,5,12,4,7,0,0,62,35000,1,-
184,圣战宝甲,1,40,89,装备,0,0,1,2,0,0,0,0,5,12,4,7,0,0,62,35000,1,-
185,法神披风,1,40,87,装备,0,0,0,0,2,5,0,0,4,9,4,6,1,0,21,35000,1,-
186,霓裳羽衣,1,40,90,装备,0,0,0,0,2,5,0,0,4,9,4,6,1,0,21,35000,1,-
187,天尊道袍,1,40,88,装备,0,0,0,0,0,0,2,5,4,9,4,6,2,0,37,35000,1,-
188,天师长袍,1,40,91,装备,0,0,0,0,0,0,2,5,4,9,4,6,2,0,37,35000,1,-
189,霸者之刃,0,46,66,装备,0,0,6,32,2,7,3,8,0,2,0,0,-1,0,28,80000,1,-
190,荣誉勋章1号,-1,10,394,装备,0,0,0,1,0,1,0,1,0,1,0,1,-1,0,1,100,1,-
191,荣誉勋章2号,-1,20,394,装备,0,0,0,2,0,2,0,2,0,2,0,2,-1,0,1,100,1,-
192,荣誉勋章3号,-1,25,394,装备,0,0,0,3,0,3,0,3,0,3,0,3,-1,0,1,100,1,-
193,荣誉勋章4号,-1,30,394,装备,0,0,0,4,0,4,0,4,0,4,0,4,-1,0,1,100,1,-
194,荣誉勋章5号,-1,35,394,装备,0,0,0,5,0,5,0,5,0,5,0,5,-1,0,1,100,1,-
195,荣誉勋章6号,-1,40,394,装备,0,0,0,6,0,6,0,6,0,6,0,6,-1,0,1,100,1,-
196,荣誉勋章11号,-1,10,394,装备,0,0,0,0,0,0,0,0,0,1,0,0,-1,0,1,500,1,-
197,荣誉勋章12号,-1,10,394,装备,0,0,0,0,0,0,0,0,0,0,0,1,-1,0,1,500,1,-
198,荣誉勋章13号,-1,10,394,装备,0,0,0,1,0,0,0,0,0,0,0,0,-1,0,1,500,1,-
199,荣誉勋章14号,-1,10,394,装备,0,0,0,0,0,1,0,0,0,0,0,0,-1,0,1,500,1,-
200,荣誉勋章15号,-1,10,394,装备,0,0,0,0,0,0,0,1,0,0,0,0,-1,0,1,500,1,-
201,荣誉勋章21号,-1,20,394,装备,0,0,0,0,0,0,0,0,0,2,0,0,-1,0,1,1000,1,-
202,荣誉勋章22号,-1,20,394,装备,0,0,0,0,0,0,0,0,0,0,0,2,-1,0,1,1000,1,-
203,荣誉勋章23号,-1,20,394,装备,0,0,0,2,0,0,0,0,0,0,0,0,-1,0,1,1000,1,-
204,荣誉勋章24号,-1,20,394,装备,0,0,0,0,0,2,0,0,0,0,0,0,-1,0,1,1000,1,-
205,荣誉勋章25号,-1,20,394,装备,0,0,0,0,0,0,0,2,0,0,0,0,-1,0,1,1000,1,-
206,荣誉勋章31号,-1,30,394,装备,0,0,0,0,0,0,0,0,1,2,0,0,-1,0,1,1000,1,-
207,荣誉勋章32号,-1,30,394,装备,0,0,0,0,0,0,0,0,0,0,1,2,-1,0,1,1000,1,-
208,荣誉勋章33号,-1,30,394,装备,0,0,1,2,0,0,0,0,0,0,0,0,-1,0,1,1800,1,-
209,荣誉勋章34号,-1,30,394,装备,0,0,0,0,1,2,0,0,0,0,0,0,-1,0,1,1800,1,-
210,荣誉勋章35号,-1,30,394,装备,0,0,0,0,0,0,1,2,0,0,0,0,-1,0,1,1800,1,-
211,荣誉勋章41号,-1,40,394,装备,0,0,0,0,0,0,0,0,1,3,0,0,-1,0,1,1800,1,-
212,荣誉勋章42号,-1,40,394,装备,0,0,0,0,0,0,0,0,0,0,1,3,-1,0,1,1800,1,-
213,荣誉勋章43号,-1,40,394,装备,0,0,1,3,0,0,0,0,0,0,0,0,-1,0,1,3000,1,-
214,荣誉勋章44号,-1,40,394,装备,0,0,0,0,1,3,0,0,0,0,0,0,-1,0,1,3000,1,-
215,荣誉勋章45号,-1,40,394,装备,0,0,0,0,0,0,1,3,0,0,0,0,-1,0,1,3000,1,-
216,战神油,-1,1,3,消耗,0,0,0,0,0,0,0,0,0,0,0,0,-1,0,1,1000,9999999,-
217,祝福油,-1,1,27,消耗,0,0,0,0,0,0,0,0,0,0,0,0,-1,0,1,1000,9999999,可以给武器增加幸运
218,修复油,-1,1,28,消耗,0,0,0,0,0,0,0,0,0,0,0,0,-1,0,1,800,9999999,-
219,铜矿,-1,1,287,道具,0,0,0,0,0,0,0,0,0,0,0,0,-1,0,4,10000,9999999,回收价格1000金币
220,铁矿,-1,1,282,道具,0,0,0,0,0,0,0,0,0,0,0,0,-1,0,4,20000,9999999,回收价格2000金币
221,银矿,-1,1,286,道具,0,0,0,0,0,0,0,0,0,0,0,0,-1,0,4,50000,9999999,回收价格5000金币
222,金矿,-1,1,281,道具,0,0,0,0,0,0,0,0,0,0,0,0,-1,0,4,100000,9999999,回收价格10000金币
223,黑铁矿石,-1,1,285,道具,0,0,0,0,0,0,0,0,0,0,0,0,-1,0,4,2000,9999999,升级装备所用到的矿石
224,金条,-1,1,118,消耗,0,0,0,0,0,0,0,0,0,0,0,0,-1,0,10,10000,9999999,使用后获得100万金币
225,金砖,-1,1,122,消耗,0,0,0,0,0,0,0,0,0,0,0,0,-1,0,52,10000,9999999,使用后获得500万金币
226,金盒,-1,1,123,消耗,0,0,0,0,0,0,0,0,0,0,0,0,-1,0,110,10000,9999999,使用后获得1000万金币
227,龙骨刀,0,35,743,装备,0,0,0,28,0,6,0,5,0,0,0,0,-1,0,12,20000,1,-
228,龙骨甲(男),1,35,741,装备,0,0,1,1,1,4,1,4,4,9,3,5,-1,0,20,40000,1,-
229,龙骨甲(女),1,35,742,装备,0,0,1,1,1,4,1,4,4,9,3,5,-1,0,20,40000,1,-
230,龙骨盔,2,35,744,装备,0,0,0,0,0,0,0,0,5,6,0,0,-1,0,3,20000,1,-
231,龙骨链,3,35,228,装备,0,0,1,5,0,6,0,6,0,0,0,0,-1,0,1,20000,1,-
232,龙骨镯,4,35,202,装备,0,0,0,1,0,1,0,1,0,4,0,0,-1,0,1,20000,1,-
233,龙骨戒,6,35,161,装备,0,0,1,5,1,4,1,5,0,0,0,0,-1,0,1,20000,1,-
234,强化攻击,-1,5,1,消耗,0,0,0,0,0,0,0,0,0,0,0,0,-1,0,1,1000,9999999,-
235,强化魔法,-1,5,1,消耗,0,0,0,0,0,0,0,0,0,0,0,0,-1,0,1,1000,9999999,-
236,强化道术,-1,5,1,消耗,0,0,0,0,0,0,0,0,0,0,0,0,-1,0,1,1000,9999999,-
237,强化生命,-1,5,1,消耗,0,0,0,0,0,0,0,0,0,0,0,0,-1,0,1,1000,9999999,-
238,强化防御,-1,5,1,消耗,0,0,0,0,0,0,0,0,0,0,0,0,-1,0,1,1000,9999999,-
239,强化魔防,-1,5,1,消耗,0,0,0,0,0,0,0,0,0,0,0,0,-1,0,1,1000,9999999,-
240,布鞋,9,15,561,装备,0,0,0,0,0,0,0,0,0,1,0,0,-1,0,1,10000,1,-
241,鹿皮靴,9,22,562,装备,0,0,0,0,0,0,0,0,0,2,0,0,-1,0,1,10000,1,-
242,紫绸靴,9,30,563,装备,0,0,0,0,0,0,0,0,0,3,0,0,-1,0,1,10000,1,-
243,避魂靴,9,35,564,装备,0,0,0,0,0,0,0,0,1,3,0,0,-1,0,2,10000,1,-
244,兽皮腰带,8,15,551,装备,0,0,0,0,0,0,0,0,0,1,0,0,-1,0,1,20000,1,-
245,铁腰带,8,22,552,装备,0,0,0,0,0,0,0,0,0,2,0,0,-1,0,1,20000,1,-
246,青铜腰带,8,30,553,装备,0,0,0,0,0,0,0,0,1,2,0,1,-1,0,1,20000,1,-
247,钢铁腰带,8,35,554,装备,0,0,0,0,0,0,0,0,0,3,0,2,-1,0,2,20000,1,-
248,战神项链,3,1,683,装备,0,0,1,10,0,0,0,0,0,0,0,2,-1,2,3,50000,1,-
249,战神手镯,4,1,677,装备,0,0,1,6,0,0,0,0,0,2,0,2,-1,2,3,50000,1,-
250,战神戒指,6,1,671,装备,0,0,2,12,0,0,0,0,0,0,0,1,-1,2,2,50000,1,-
251,圣魔项链,3,1,684,装备,0,0,0,0,1,10,0,0,0,0,0,2,-1,2,1,50000,1,-
252,圣魔手镯,4,1,679,装备,0,0,0,0,1,6,0,0,0,2,0,2,-1,2,1,50000,1,-
253,圣魔戒指,6,1,673,装备,0,0,0,0,2,12,0,0,0,0,0,1,-1,2,1,50000,1,-
254,真魂项链,3,1,685,装备,0,0,0,0,0,0,1,10,0,2,0,0,-1,2,2,50000,1,-
255,真魂手镯,4,1,681,装备,0,0,0,0,0,0,1,6,0,2,0,2,-1,2,1,50000,1,-
256,真魂戒指,6,1,675,装备,0,0,0,0,0,0,2,12,0,1,0,0,-1,2,1,50000,1,-
257,雷霆项链,3,1,782,装备,0,0,3,7,0,0,0,0,0,0,0,0,-1,1,1,50000,1,-
258,雷霆护腕,4,1,767,装备,0,0,1,4,0,0,0,0,0,2,0,2,-1,1,1,50000,1,-
259,雷霆战戒,6,1,774,装备,0,0,0,8,0,0,0,0,0,0,0,0,-1,1,1,50000,1,-
260,雷霆腰带,8,1,762,装备,0,0,1,0,0,0,0,0,2,3,0,1,-1,1,2,20000,1,-
261,雷霆战靴,9,1,753,装备,0,0,1,0,0,0,0,0,0,3,0,1,-1,1,2,10000,1,-
262,烈焰项链,3,1,776,装备,0,0,0,0,1,9,0,0,0,3,0,0,-1,1,1,50000,1,-
263,烈焰护腕,4,1,763,装备,0,0,0,0,2,4,0,0,0,2,0,0,-1,1,1,50000,1,-
264,烈焰魔戒,6,1,772,装备,0,0,0,0,1,7,0,0,0,1,0,0,-1,1,2,50000,1,-
265,烈焰魔靴,9,1,751,装备,0,0,0,0,1,0,0,0,0,3,0,0,-1,1,1,10000,1,-
266,烈焰腰带,8,1,760,装备,0,0,0,0,1,0,0,0,2,2,0,1,-1,1,3,20000,1,-
267,光芒项链,3,1,780,装备,0,0,0,0,0,0,2,8,0,0,0,2,-1,1,1,50000,1,-
268,光芒护腕,4,1,765,装备,0,0,0,0,0,0,2,4,1,3,0,0,-1,1,1,50000,1,-
269,光芒道戒,6,1,773,装备,0,0,0,0,0,0,1,8,0,2,0,0,-1,1,2,50000,1,-
270,光芒道靴,9,1,752,装备,0,0,0,0,0,0,1,0,2,3,0,0,-1,1,1,10000,1,-
271,光芒腰带,8,1,761,装备,0,0,0,0,0,0,1,0,2,2,0,1,-1,1,3,20000,1,-
272,雷霆战甲(男),1,1,598,装备,0,0,5,8,0,0,0,0,10,15,9,16,0,4,60,50000,1,-
273,雷霆战甲(女),1,1,599,装备,0,0,5,8,0,0,0,0,10,15,9,16,0,4,60,50000,1,-
274,烈焰魔衣(男),1,1,598,装备,0,0,0,0,5,8,0,0,10,15,9,16,1,4,20,50000,1,-
275,烈焰魔衣(女),1,1,599,装备,0,0,0,0,5,8,0,0,10,15,9,16,1,4,20,50000,1,-
276,光芒道袍(男),1,1,598,装备,0,0,0,0,0,0,5,8,10,15,9,16,2,4,35,50000,1,-
277,光芒道袍(女),1,1,599,装备,0,0,0,0,0,0,5,8,10,15,9,16,2,4,35,50000,1,-
278,凤天魔甲,1,1,597,装备,0,0,3,5,3,5,3,5,8,12,8,12,-1,2,23,40000,1,-
279,凤天魔衣,1,1,607,装备,0,0,3,5,3,5,3,5,8,12,8,12,-1,2,23,40000,1,-
280,开天,0,1,73,装备,0,0,5,38,0,0,0,0,0,0,0,0,-1,1,73,80000,1,-
281,镇天,0,1,74,装备,0,0,0,0,5,38,0,0,0,0,0,0,-1,1,26,80000,1,-
282,玄天,0,1,75,装备,0,0,0,0,0,0,5,38,0,0,0,0,-1,1,44,80000,1,-
283,虎威戒指,-1,30,511,装备,0,0,0,5,0,0,0,0,0,0,0,2,-1,0,1,50000,1,-
284,狂战手镯,-1,37,678,装备,0,0,2,3,0,0,0,0,0,0,0,1,-1,0,1,50000,1,-
285,狂战戒指,-1,37,672,装备,0,0,0,7,0,0,0,0,0,1,0,0,-1,0,1,50000,1,-
286,魔鬼戒指,-1,20,512,装备,0,0,0,0,0,0,0,0,0,3,1,3,-1,0,1,50000,1,-
287,魔鬼手镯,-1,33,517,装备,0,0,0,0,1,3,0,0,0,2,0,0,-1,0,1,50000,1,-
288,天魔戒指,-1,32,673,装备,0,0,0,0,0,7,0,0,0,0,0,0,-1,0,1,50000,1,-
289,天魔手镯,-1,35,679,装备,0,0,0,0,1,5,0,0,0,0,0,2,-1,0,1,50000,1,-
290,天魔项链,-1,40,684,装备,0,0,0,0,0,9,0,0,0,0,0,3,-1,0,1,50000,1,-
291,混世戒指,-1,37,674,装备,0,0,0,0,0,6,0,0,0,1,0,0,-1,0,1,50000,1,-
292,混世手镯,-1,37,680,装备,0,0,0,0,2,4,0,0,0,2,0,0,-1,0,1,50000,1,-
293,雪玉戒指,-1,20,514,装备,0,0,0,0,0,0,1,5,0,1,0,2,-1,0,1,50000,1,-
294,雪玉手镯,-1,33,518,装备,0,0,0,0,0,0,0,3,0,2,0,0,-1,0,1,50000,1,-
295,太极戒指,-1,30,676,装备,0,0,0,2,0,0,2,7,0,0,0,0,-1,0,1,50000,1,-
296,太极手镯,-1,37,682,装备,0,0,0,0,0,0,2,4,1,3,0,0,-1,0,2,50000,1,-
297,五玄戒指,-1,35,532,装备,0,0,0,0,5,0,0,0,0,0,0,1,-1,0,1,20000,1,-
298,五玄手镯,-1,33,533,装备,0,0,0,0,0,0,0,0,0,2,0,2,-1,0,1,20000,1,-
299,五玄项链,-1,35,534,装备,0,0,0,0,0,5,0,0,0,0,0,0,-1,0,1,20000,1,-
300,破甲项链,-1,33,541,装备,0,0,0,5,0,0,0,0,0,0,0,0,-1,0,1,20000,1,-
301,破甲手镯,-1,33,542,装备,0,0,0,0,0,0,0,0,0,2,0,0,-1,0,2,20000,1,-
302,破甲戒指,-1,33,543,装备,0,0,2,3,0,0,0,0,0,0,0,0,-1,0,1,20000,1,-
303,灵玉项链,-1,33,438,装备,0,0,0,0,0,0,0,5,0,0,0,0,-1,0,1,50000,1,-
304,灵玉手镯,-1,33,437,装备,0,0,1,1,0,0,0,3,0,0,0,0,-1,0,3,50000,1,-
305,灵玉戒指,-1,33,439,装备,0,0,1,0,0,0,5,0,0,0,0,1,-1,0,2,50000,1,-
306,无心宝石,-1,30,581,其他,0,0,0,0,0,0,0,0,0,0,0,0,-1,0,1,5000,1,-
307,魔法宝石,-1,32,582,其他,0,0,0,0,0,0,0,0,0,0,0,0,-1,0,1,5000,1,-
308,战神宝石,-1,34,583,其他,0,0,0,0,0,0,0,0,0,0,0,0,-1,0,1,5000,1,-
309,魔神宝石,-1,35,584,其他,0,0,0,0,0,0,0,0,0,0,0,0,-1,0,1,5000,1,-
310,道仙宝石,-1,38,585,其他,0,0,0,0,0,0,0,0,0,0,0,0,-1,0,1,5000,1,-
311,无敌宝石,-1,40,586,其他,0,0,0,0,0,0,0,0,0,0,0,0,-1,0,1,5000,1,-
312,法圣宝石,-1,42,587,其他,0,0,0,0,0,0,0,0,0,0,0,0,-1,0,1,5000,1,-
313,武神宝石,-1,43,588,其他,0,0,0,0,0,0,0,0,0,0,0,0,-1,0,1,5000,1,-
314,魔圣宝石,-1,45,589,其他,0,0,0,0,0,0,0,0,0,0,0,0,-1,0,1,5000,1,-
315,七星宝石,-1,48,590,其他,0,0,0,0,0,0,0,0,0,0,0,0,-1,0,1,5000,1,-
316,会员龙珠,-1,1,2598,装备,50,25,0,0,0,0,0,0,0,0,0,0,-1,0,1,50000,1,-
317,超级会员龙珠,-1,1,2597,装备,100,50,0,0,0,0,0,0,0,0,0,0,-1,0,1,50000,1,-
318,至尊会员龙珠,-1,1,2599,装备,200,100,0,0,0,0,0,0,0,0,0,0,-1,0,1,50000,1,-
319,BOSS卷轴,-1,1,1123,消耗,0,0,0,0,0,0,0,0,0,0,0,0,-1,0,1,5000,9999999,增加BOSS挑战次数1次
320,战书,-1,1,2371,消耗,0,0,0,0,0,0,0,0,0,0,0,0,-1,0,1,5000,9999999,增加竞技场挑战次数1次
321,会员(月),-1,1,2611,消耗,0,0,0,0,0,0,0,0,0,0,0,0,-1,0,1,50000,9999999,会员详情点击<br>每日福利-终身会员详情查看
322,会员(周),-1,1,1134,消耗,0,0,0,0,0,0,0,0,0,0,0,0,-1,0,1,50000,9999999,会员详情点击<br>每日福利-终身会员详情查看
323,会员(终身),-1,1,2615,消耗,0,0,0,0,0,0,0,0,0,0,0,0,-1,0,1,50000,9999999,<黄>累计充值满200元可买<br>只可以买一次<br><绿>赠送20张幻境重置卷<br>赠送2000张BOSS挑战卷<br>赠送20W书籍包(六种)<br>赠送20000黑铁矿石<br>
324,超级会员(月),-1,1,2611,消耗,0,0,0,0,0,0,0,0,0,0,0,0,-1,0,1,50000,9999999,会员详情点击<br>每日福利-终身会员详情查看
325,超级会员(周),-1,1,1134,消耗,0,0,0,0,0,0,0,0,0,0,0,0,-1,0,1,50000,9999999,会员详情点击<br>每日福利-终身会员详情查看
326,超级会员(终身),-1,1,2615,消耗,0,0,0,0,0,0,0,0,0,0,0,0,-1,0,1,50000,9999999,<黄>累计充值满500元可买<br>只可以买一次<br><绿>赠送50张幻境重置卷<br>赠送5000张BOSS挑战卷<br>赠送50W书籍包(六种)<br>赠送50000黑铁矿石<br>
327,至尊会员(月),-1,1,2611,消耗,0,0,0,0,0,0,0,0,0,0,0,0,-1,0,1,50000,9999999,会员详情点击<br>每日福利-终身会员详情查看
328,至尊会员(周),-1,1,1134,消耗,0,0,0,0,0,0,0,0,0,0,0,0,-1,0,1,50000,9999999,会员详情点击<br>每日福利-终身会员详情查看
329,至尊会员(终身),-1,1,2615,消耗,0,0,0,0,0,0,0,0,0,0,0,0,-1,0,1,50000,9999999,会员详情点击<br>每日福利-终身会员详情查看
330,沃玛号角,-1,30,262,道具,0,0,0,0,0,0,0,0,0,0,0,0,-1,0,1,5000,1,组建行会的必备道具
331,祖玛头像,-1,1,272,道具,0,0,0,0,0,0,0,0,0,0,0,0,-1,0,1,5000,1,申请行会战的必备道具
332,紫宝矿石,-1,1,284,道具,0,0,0,0,0,0,0,0,0,0,0,0,-1,0,4,5000,9999999,-
333,1元宝,-1,1,1121,消耗,0,0,0,0,0,0,0,0,0,0,0,0,-1,0,1,5000,9999999,使用后获得元宝
334,10元宝,-1,1,1121,消耗,0,0,0,0,0,0,0,0,0,0,0,0,-1,0,1,5000,9999999,使用后获得元宝
335,100元宝,-1,1,1121,消耗,0,0,0,0,0,0,0,0,0,0,0,0,-1,0,1,5000,9999999,使用后获得元宝
336,1000元宝,-1,1,1121,消耗,0,0,0,0,0,0,0,0,0,0,0,0,-1,0,1,5000,9999999,使用后获得元宝
337,幸运龙珠,-1,1,2614,装备,0,0,0,0,0,0,0,0,0,0,0,0,-1,0,1,50000,1,-
338,幸运雪莲,-1,1,2620,装备,0,0,0,0,0,0,0,0,0,0,0,0,-1,0,1,50000,1,-
339,物资(千),-1,1,461,道具,0,0,0,0,0,0,0,0,0,0,0,0,-1,0,1,1000,9999999,增加行会物资1000点
340,物资(捆),-1,1,462,消耗,0,0,0,0,0,0,0,0,0,0,0,0,-1,0,1,100000,9999999,339|1000/
341,城主战袍(男),1,1,1401,装备,0,0,1,2,1,4,1,4,5,8,3,5,-1,0,23,40000,1,-
342,城主战袍(女),1,1,1402,装备,0,0,1,2,1,4,1,4,5,8,3,5,-1,0,23,40000,1,-
343,城主战袍(男),1,1,2591,装备,0,0,1,10,1,10,1,10,12,18,11,19,-1,3,23,100000,1,新战袍
344,城主战袍(女),1,1,2592,装备,0,0,1,10,1,10,1,10,12,18,11,19,-1,3,23,100000,1,新战袍
345,超级祝福油,-1,1,2610,消耗,0,0,0,0,0,0,0,0,0,0,0,0,-1,0,1,10000,9999999,100%为武器增加1点幸运
346,国庆礼包,-1,1,1031,消耗,0,0,0,0,0,0,0,0,0,0,0,0,-1,0,1,10000,9999999,223|1500/225|10/
347,符文,10,1,1191,装备,0,0,0,0,0,0,0,0,0,0,0,0,-1,1,1,100000,1,-
348,一转证明,-1,1,2232,道具,0,0,0,0,0,0,0,0,0,0,0,0,-1,0,1,10000,9999999,转生的必备道具
349,二转证明,-1,1,2233,道具,0,0,0,0,0,0,0,0,0,0,0,0,-1,0,1,10000,9999999,转生的必备道具
350,三转证明,-1,1,2234,道具,0,0,0,0,0,0,0,0,0,0,0,0,-1,0,1,10000,9999999,转生的必备道具
351,四转证明,-1,1,2231,道具,0,0,0,0,0,0,0,0,0,0,0,0,-1,0,1,10000,9999999,转生的必备道具
352,五转证明,-1,1,1124,道具,0,0,0,0,0,0,0,0,0,0,0,0,-1,0,1,10000,9999999,转生的必备道具
353,返璞归真,-1,1,1145,消耗,0,0,0,0,0,0,0,0,0,0,0,0,-1,0,1,10000,9999999,使用后可以将满等级技能归零
354,吞噬灵石(小),-1,1,1029,道具,0,0,0,0,0,0,0,0,0,0,0,0,-1,0,1,10000,9999999,-
355,吞噬灵石(中),-1,1,1028,道具,0,0,0,0,0,0,0,0,0,0,0,0,-1,0,1,10000,9999999,-
356,吞噬灵石(大),-1,1,1027,道具,0,0,0,0,0,0,0,0,0,0,0,0,-1,0,1,10000,9999999,-
357,星王头盔,2,1,106,装备,0,0,1,4,1,4,1,4,5,8,4,7,-1,3,1,50000,1,-
358,星王项链,3,1,1224,装备,0,0,3,13,3,13,3,13,0,3,0,3,-1,3,1,50000,1,-
359,星王护腕,4,1,1223,装备,0,0,2,8,2,8,2,8,0,3,0,3,-1,3,1,50000,1,-
360,星王戒指,6,1,1222,装备,0,0,3,15,3,15,3,15,0,2,0,2,-1,3,1,50000,1,-
361,星王腰带,8,1,556,装备,0,0,1,2,1,2,1,2,1,5,0,3,-1,3,1,50000,1,-
362,星王之靴,9,1,566,装备,0,0,1,2,1,2,1,2,1,3,1,5,-1,3,1,50000,1,-
363,黄金裁决,0,1,1688,装备,0,0,8,39,0,0,0,0,0,0,0,0,-1,3,80,50000,1,-
364,黄金嗜魂法杖,0,1,1781,装备,0,0,0,0,8,39,0,0,0,0,0,0,-1,3,35,50000,1,-
365,黄金逍遥扇,0,1,1782,装备,0,0,0,0,0,0,8,39,0,0,0,0,-1,3,35,50000,1,-
366,黄金屠龙,0,1,1788,装备,0,0,10,40,0,0,0,0,0,0,0,0,-1,3,30,50000,1,-
367,狂雷战盔,2,1,1266,装备,0,0,2,5,0,0,0,0,5,10,5,10,-1,4,1,100000,1,-
368,狂雷项链,3,1,1263,装备,0,0,5,18,0,0,0,0,0,5,0,0,-1,4,1,100000,1,-
369,狂雷战戒,6,1,1261,装备,0,0,6,20,0,0,0,0,0,5,0,5,-1,4,1,100000,1,-
370,狂雷护腕,4,1,1262,装备,0,0,3,10,0,0,0,0,0,5,0,0,-1,4,1,100000,1,-
371,狂雷腰带,8,1,1265,装备,0,0,1,4,0,0,0,0,1,5,2,7,-1,4,1,100000,1,-
372,狂雷战靴,9,1,1264,装备,0,0,1,4,0,0,0,0,1,7,1,5,-1,4,1,100000,1,-
373,逆火魔盔,2,1,1246,装备,0,0,0,0,2,5,0,0,5,10,5,10,-1,4,1,100000,1,-
374,逆火项链,3,1,1243,装备,0,0,0,0,5,18,0,0,0,5,0,0,-1,4,1,100000,1,-
375,逆火魔戒,6,1,1241,装备,0,0,0,0,6,20,0,0,0,5,0,5,-1,4,1,100000,1,-
376,逆火护腕,4,1,1242,装备,0,0,0,0,3,10,0,0,0,5,0,0,-1,4,1,100000,1,-
377,逆火腰带,8,1,1245,装备,0,0,0,0,1,4,0,0,1,5,2,7,-1,4,1,100000,1,-
378,逆火魔靴,9,1,1244,装备,0,0,0,0,1,4,0,0,1,7,1,5,-1,4,1,100000,1,-
379,通云道盔,2,1,1256,装备,0,0,0,0,0,0,2,5,5,10,5,10,-1,4,1,100000,1,-
380,通云项链,3,1,1253,装备,0,0,0,0,0,0,5,18,0,5,0,0,-1,4,1,100000,1,-
381,通云道戒,6,1,1251,装备,0,0,0,0,0,0,6,20,0,5,0,5,-1,4,1,100000,1,-
382,通云护腕,4,1,1252,装备,0,0,0,0,0,0,3,10,0,5,0,0,-1,4,1,100000,1,-
383,通云腰带,8,1,1255,装备,0,0,0,0,0,0,1,4,1,5,2,7,-1,4,1,100000,1,-
384,通云道靴,9,1,1254,装备,0,0,0,0,0,0,1,4,1,7,1,5,-1,4,1,100000,1,-
385,王者戒指,6,1,1365,装备,0,0,8,22,8,22,8,22,0,8,0,8,-1,5,1,150000,1,-
386,王者护腕,4,1,1366,装备,0,0,5,12,5,12,5,12,0,6,0,6,-1,5,1,150000,1,-
387,王者项链,3,1,1367,装备,0,0,8,23,8,23,8,23,1,7,0,8,-1,5,1,150000,1,-
388,王者之靴,9,1,1368,装备,0,0,2,6,2,6,2,6,2,8,2,9,-1,5,1,150000,1,-
389,王者腰带,8,1,1369,装备,0,0,3,5,3,5,3,5,2,10,1,8,-1,5,1,150000,1,-
390,王者头盔,2,1,1370,装备,0,0,3,8,3,8,3,8,6,13,7,12,-1,5,1,150000,1,-
391,王者战甲(男),1,1,1397,装备,0,0,6,10,0,0,0,0,12,18,11,19,0,5,1,150000,1,-
392,王者战甲(女),1,1,1398,装备,0,0,6,10,0,0,0,0,12,18,11,19,0,5,1,150000,1,-
393,王者魔衣(男),1,1,1395,装备,0,0,0,0,6,10,0,0,12,18,11,19,1,5,1,150000,1,-
394,王者魔衣(女),1,1,1396,装备,0,0,0,0,6,10,0,0,12,18,11,19,1,5,1,150000,1,-
395,王者道袍(男),1,1,1399,装备,0,0,0,0,0,0,6,10,12,18,11,19,2,5,1,150000,1,-
396,王者道袍(女),1,1,1400,装备,0,0,0,0,0,0,6,10,12,18,11,19,2,5,1,150000,1,-
397,王者之刃,0,1,1421,装备,0,0,12,42,0,0,0,0,0,0,0,0,-1,5,50,150000,1,-
398,王者之杖,0,1,1411,装备,0,0,0,0,12,42,0,0,0,0,0,0,-1,5,20,150000,1,-
399,王者之剑,0,1,1422,装备,0,0,0,0,0,0,12,42,0,0,0,0,-1,5,30,150000,1,-
400,双十一礼包,-1,1,1031,消耗,0,0,0,0,0,0,0,0,0,0,0,0,-1,0,1,10000,9999999,223|1500/356|1/
401,灵石礼包,-1,1,1031,消耗,0,0,0,0,0,0,0,0,0,0,0,0,-1,0,1,10000,9999999,356|10/
402,金砖礼包,-1,1,1031,消耗,0,0,0,0,0,0,0,0,0,0,0,0,-1,0,1,10000,9999999,225|100/
403,物资礼包,-1,1,1031,消耗,0,0,0,0,0,0,0,0,0,0,0,0,-1,0,1,10000,9999999,340|100/
404,书籍包,-1,1,1132,消耗,0,0,0,0,0,0,0,0,0,0,0,0,-1,0,1,60000,9999999,234|1/235|1/236|1/237|1/238|1/239|1/
405,双十二礼包,-1,1,1031,消耗,0,0,0,0,0,0,0,0,0,0,0,0,-1,0,1,100000,9999999,225|10/404|2000/356|1/
406,小书籍包,-1,1,1132,消耗,0,0,0,0,0,0,0,0,0,0,0,0,-1,0,1,30000,9999999,234|1/235|1/236|1/
407,防御心法,-1,5,1145,消耗,0,0,0,0,0,0,0,0,0,0,0,0,-1,0,1,1000,9999999,提升角色防御下限
408,魔防心法,-1,5,1145,消耗,0,0,0,0,0,0,0,0,0,0,0,0,-1,0,1,1000,9999999,提升角色魔防下限
409,未使用,-1,1,831,消耗,0,0,0,0,0,0,0,0,0,0,0,0,-1,0,1,50000,9999999,-
410,未使用,-1,1,1135,消耗,0,0,0,0,0,0,0,0,0,0,0,0,-1,0,1,100000,9999999,-
411,圣诞礼包,-1,1,1031,消耗,0,0,0,0,0,0,0,0,0,0,0,0,-1,0,1,100000,9999999,225|10/412|5000/404|2000/
412,心法书籍包,-1,1,1132,消耗,0,0,0,0,0,0,0,0,0,0,0,0,-1,0,1,50000,9999999,407|1/408|1/
413,元旦礼包,-1,1,1031,消耗,0,0,0,0,0,0,0,0,0,0,0,0,-1,0,1,50000,9999999,223|1000/356|1/225|5/
414,新年礼物,-1,1,859,消耗,0,0,0,0,0,0,0,0,0,0,0,0,-1,0,1,50000,9999999,3|1000000/4|150000/5|50000/
415,会员升级卡,-1,1,1134,消耗,0,0,0,0,0,0,0,0,0,0,0,0,-1,0,1,50000,1,<黄>累计充值满500元可买<br>用于终身会员升级超级终身<br><绿>赠送30张幻境重置卷<br>赠送3000张BOSS挑战卷<br>赠送30W书籍包(六种)<br>赠送30000黑铁矿石<br>
416,恭喜发财,-1,1,1018,消耗,0,0,0,0,0,0,0,0,0,0,0,0,-1,0,1,50000,9999999,把100红包转成100元宝
417,财源广进,-1,1,1018,消耗,0,0,0,0,0,0,0,0,0,0,0,0,-1,0,1,50000,9999999,-
418,财神赐福,-1,1,1018,消耗,0,0,0,0,0,0,0,0,0,0,0,0,-1,0,1,50000,9999999,把10000红包转成10000元宝
419,100红包,-1,1,1019,消耗,0,0,0,0,0,0,0,0,0,0,0,0,-1,0,1,50000,9999999,7|100/
420,1000红包,-1,1,1019,消耗,0,0,0,0,0,0,0,0,0,0,0,0,-1,0,1,50000,9999999,7|1000/
421,10000红包,-1,1,1019,消耗,0,0,0,0,0,0,0,0,0,0,0,0,-1,0,1,50000,9999999,7|10000/
422,天龙戒指,6,1,825,装备,0,0,8,25,8,25,8,25,0,9,0,9,-1,6,1,150000,1,-
423,天龙护腕,4,1,827,装备,0,0,5,15,5,15,5,15,0,8,0,8,-1,6,1,150000,1,-
424,天龙项链,3,1,824,装备,0,0,8,26,8,26,8,26,1,8,0,9,-1,6,1,150000,1,-
425,天龙头盔,2,1,828,装备,0,0,3,11,3,11,3,11,6,15,7,13,-1,6,1,150000,1,-
426,天龙腰带,8,1,826,装备,0,0,3,8,3,8,3,8,2,10,1,11,-1,6,1,150000,1,-
427,天龙战靴,9,1,822,装备,0,0,3,9,3,9,3,9,2,10,2,11,-1,6,1,150000,1,-
428,天龙圣剑,0,1,829,装备,0,0,15,45,15,45,15,45,0,0,0,0,-1,6,1,150000,1,-
429,天龙圣袍,1,1,600,装备,0,0,6,13,6,13,6,13,13,22,15,20,-1,6,1,150000,1,-
430,天龙圣衣,1,1,601,装备,0,0,6,13,6,13,6,13,13,22,15,20,-1,6,1,150000,1,-
431,金牛戒指,6,1,1681,装备,0,0,10,28,10,28,10,28,0,10,0,10,-1,7,1,200000,1,-
432,金牛护腕,4,1,1682,装备,0,0,6,18,6,18,6,18,0,9,0,9,-1,7,1,200000,1,-
433,金牛项链,3,1,1683,装备,0,0,8,29,8,29,8,29,1,10,0,11,-1,7,1,200000,1,-
434,金牛头盔,2,1,1686,装备,0,0,5,13,5,13,5,13,6,18,8,17,-1,7,1,200000,1,-
435,金牛腰带,8,1,1685,装备,0,0,5,10,5,10,5,10,2,15,2,12,-1,7,1,200000,1,-
436,金牛战靴,9,1,1684,装备,0,0,7,9,7,9,7,9,2,12,2,15,-1,7,1,200000,1,-
437,金牛圣刃,0,1,2181,装备,0,0,18,52,18,52,18,52,0,0,0,0,-1,7,1,200000,1,-
438,金牛圣袍,1,1,2463,装备,0,0,7,17,7,17,7,17,15,25,15,25,-1,7,1,200000,1,-
439,金牛圣衣,1,1,2464,装备,0,0,7,17,7,17,7,17,15,25,15,25,-1,7,1,200000,1,-
440,六转证明,-1,1,276,道具,0,0,0,0,0,0,0,0,0,0,0,0,-1,0,1,10000,9999999,转生的必备道具
441,七转证明,-1,1,273,道具,0,0,0,0,0,0,0,0,0,0,0,0,-1,0,1,10000,9999999,转生的必备道具
442,八转证明,-1,1,277,道具,0,0,0,0,0,0,0,0,0,0,0,0,-1,0,1,10000,9999999,转生的必备道具
443,九转证明,-1,1,274,道具,0,0,0,0,0,0,0,0,0,0,0,0,-1,0,1,10000,9999999,转生的必备道具
444,十转证明,-1,1,275,道具,0,0,0,0,0,0,0,0,0,0,0,0,-1,0,1,10000,9999999,转生的必备道具
445,新春大礼包,-1,1,1031,消耗,0,0,0,0,0,0,0,0,0,0,0,0,-1,0,1,50000,9999999,225|50/412|2000/406|3000/
446,转换石,-1,1,2571,道具,0,0,0,0,0,0,0,0,0,0,0,0,-1,0,1,50000,9999999,可以转换武器天赋的石头
447,铁锹,0,35,2382,装备,0,0,5,35,0,0,0,0,0,0,0,0,-1,0,50,100000,1,-
448,劳动衣(男),1,35,2341,装备,0,0,0,0,0,0,0,0,5,2,5,1,-1,0,20,100000,1,-
449,劳动衣(女),1,35,2345,装备,0,0,0,0,0,0,0,0,5,2,5,1,-1,0,20,100000,1,-
450,主宰戒指,6,1,2411,装备,0,0,10,32,10,32,10,32,0,10,0,10,-1,8,1,250000,1,-
451,主宰护腕,4,1,2412,装备,0,0,5,21,5,21,5,21,0,10,0,10,-1,8,1,250000,1,-
452,主宰项链,3,1,2413,装备,0,0,9,31,9,31,9,31,2,10,1,11,-1,8,1,250000,1,-
453,主宰头盔,2,1,2416,装备,0,0,5,15,5,15,5,15,6,22,8,20,-1,8,1,250000,1,-
454,主宰腰带,8,1,2415,装备,0,0,5,12,5,12,5,12,5,15,5,12,-1,8,1,250000,1,-
455,主宰战靴,9,1,2414,装备,0,0,7,11,7,11,7,11,5,12,5,15,-1,8,1,250000,1,-
456,主宰神剑,0,1,2424,装备,0,0,20,60,20,60,20,60,0,0,0,0,-1,8,1,250000,1,-
457,主宰圣袍,1,1,2421,装备,0,0,5,20,5,20,5,20,17,28,18,29,-1,8,1,250000,1,-
458,主宰圣衣,1,1,2422,装备,0,0,5,20,5,20,5,20,17,28,18,29,-1,8,1,250000,1,-
459,荣耀戒指,6,1,2511,装备,0,0,10,35,10,35,10,35,1,10,1,10,-1,9,1,300000,1,-
460,荣耀护腕,4,1,2512,装备,0,0,7,24,7,24,7,24,1,10,1,10,-1,9,1,300000,1,-
461,荣耀项链,3,1,2513,装备,0,0,9,34,9,34,9,34,2,12,2,12,-1,9,1,300000,1,-
462,荣耀头盔,2,1,2516,装备,0,0,6,17,6,17,6,17,6,23,8,23,-1,9,1,300000,1,-
463,荣耀腰带,8,1,2515,装备,0,0,5,14,5,14,5,14,7,15,7,12,-1,9,1,300000,1,-
464,荣耀战靴,9,1,2514,装备,0,0,7,13,7,13,7,13,7,12,7,15,-1,9,1,300000,1,-
465,荣耀神剑,0,1,2524,装备,0,0,23,75,23,75,23,75,0,0,0,0,-1,9,1,300000,1,-
466,荣耀圣袍,1,1,2541,装备,0,0,5,22,5,22,5,22,19,32,18,32,-1,9,1,300000,1,-
467,荣耀圣衣,1,1,2543,装备,0,0,5,22,5,22,5,22,19,32,18,32,-1,9,1,300000,1,-
468,主宰斗笠,2,1,2423,装备,0,0,7,20,7,20,7,20,8,25,8,25,-1,8,1,250000,1,-
469,荣耀斗笠,2,1,2523,装备,0,0,8,22,8,22,8,22,9,28,9,28,-1,9,1,300000,1,-
470,劳动节礼包,-1,1,1030,消耗,0,0,0,0,0,0,0,0,0,0,0,0,-1,0,1,50000,9999999,319|1500/420|30/416|5/
471,粽子,-1,1,1342,消耗,0,0,0,0,0,0,0,0,0,0,0,0,-1,0,1,10000,9999999,501|1|1|10/502|1|1|20/503|1|1|30/504|1|1|40/224|1|1|20/571|1|1|2/217|1|1|10/570|1|1|200/689|1|1|1000/1|10000|1|1/4|2000|1|1/
472,月饼,-1,1,1331,消耗,0,0,0,0,0,0,0,0,0,0,0,0,-1,0,1,10000,9999999,501|1|1|10/502|1|1|20/503|1|1|30/504|1|1|40/224|1|1|20/571|1|1|2/217|1|1|10/570|1|1|200/689|1|1|1000/1|10000|1|1/4|2000|1|1/
473,巧克力,-1,1,846,消耗,0,0,0,0,0,0,0,0,0,0,0,0,-1,0,1,10000,9999999,501|1|1|10/502|1|1|20/503|1|1|30/504|1|1|40/224|1|1|20/571|1|1|2/217|1|1|10/570|1|1|200/689|1|1|1000/1|10000|1|1/4|2000|1|1/
474,棒棒糖,-1,1,848,消耗,0,0,0,0,0,0,0,0,0,0,0,0,-1,0,1,10000,9999999,501|1|1|10/502|1|1|20/503|1|1|30/504|1|1|40/224|1|1|20/571|1|1|2/217|1|1|10/570|1|1|200/689|1|1|1000/1|10000|1|1/4|2000|1|1/
475,西瓜,-1,1,1058,消耗,0,0,0,0,0,0,0,0,0,0,0,0,-1,0,1,10000,9999999,501|1|1|10/502|1|1|20/503|1|1|30/504|1|1|40/224|1|1|20/571|1|1|2/217|1|1|10/570|1|1|200/689|1|1|1000/1|10000|1|1/4|2000|1|1/
476,南瓜头,-1,1,1086,消耗,0,0,0,0,0,0,0,0,0,0,0,0,-1,0,1,10000,9999999,501|1|1|10/502|1|1|20/503|1|1|30/504|1|1|40/224|1|1|20/571|1|1|2/217|1|1|10/570|1|1|200/689|1|1|1000/1|10000|1|1/4|2000|1|1/
477,端午节礼包,-1,1,1030,消耗,0,0,0,0,0,0,0,0,0,0,0,0,-1,0,1,50000,9999999,471|10/319|1500/
478,寻宝图,-1,1,1521,道具,0,0,0,0,0,0,0,0,0,0,0,0,-1,0,1,10000,9999999,记录了宝藏位置的图鉴<br>寻宝必备道具
479,隐身戒指(未解封),6,1,1776,装备,0,0,0,1,0,0,0,0,0,0,0,0,-1,0,1,100000,1,-
480,复活戒指(未解封),6,1,1778,装备,0,0,0,1,0,0,0,0,0,0,0,0,-1,0,1,100000,1,-
481,麻痹戒指(未解封),6,1,1777,装备,0,0,0,1,0,0,0,0,0,0,0,0,-1,0,1,100000,1,-
482,护身戒指(未解封),6,1,1779,装备,0,0,0,1,0,0,0,0,0,0,0,0,-1,0,1,100000,1,-
483,改名卡,-1,1,2376,道具,0,0,0,0,0,0,0,0,0,0,0,0,-1,0,1,100000,9999999,在设置界面中可以改名
484,魂灵,-1,1,1510,道具,0,0,0,0,0,0,0,0,0,0,0,0,-1,0,1,100000,9999999,用于合成神之魂
485,战神之魂,-1,1,1501,道具,0,0,0,0,0,0,0,0,0,0,0,0,-1,0,1,100000,9999999,赋予特戒攻击天赋
486,法神之魂,-1,1,1502,道具,0,0,0,0,0,0,0,0,0,0,0,0,-1,0,1,100000,9999999,赋予特戒魔法天赋
487,道神之魂,-1,1,1511,道具,0,0,0,0,0,0,0,0,0,0,0,0,-1,0,1,100000,9999999,赋予特戒道术天赋
488,幻境重置卷,-1,1,999,消耗,0,0,0,0,0,0,0,0,0,0,0,0,-1,0,1,100000,9999999,使幻境层数重置
489,周年庆礼包,-1,1,2652,消耗,0,0,0,0,0,0,0,0,0,0,0,0,-1,0,1,50000,9999999,478|10/319|3000/471|10/496|10/
490,中秋节礼包,-1,1,1030,消耗,0,0,0,0,0,0,0,0,0,0,0,0,-1,0,1,50000,9999999,319|3000/472|10/498|1000/510|1/
491,金碎片,-1,1,2643,消耗,0,0,0,0,0,0,0,0,0,0,0,0,-1,1,1,10000,9999999,金系天赋碎片
492,木碎片,-1,1,2647,消耗,0,0,0,0,0,0,0,0,0,0,0,0,-1,1,1,10000,9999999,木系天赋碎片
493,水碎片,-1,1,2645,消耗,0,0,0,0,0,0,0,0,0,0,0,0,-1,1,1,10000,9999999,水系天赋碎片
494,火碎片,-1,1,2646,消耗,0,0,0,0,0,0,0,0,0,0,0,0,-1,1,1,10000,9999999,火系天赋碎片
495,土碎片,-1,1,2648,消耗,0,0,0,0,0,0,0,0,0,0,0,0,-1,1,1,10000,9999999,土系天赋碎片
496,五行石,-1,1,2641,消耗,0,0,0,0,0,0,0,0,0,0,0,0,-1,1,1,100000,9999999,增加修炼时间24小时
497,巅峰证明,-1,1,2642,道具,0,0,0,0,0,0,0,0,0,0,0,0,-1,9,1,100000,9999999,通往巅峰之路的证明
498,巅峰矿石,-1,1,2650,道具,0,0,0,0,0,0,0,0,0,0,0,0,-1,10,1,1000,9999999,打造巅峰装备的材料
499,桃李满天下,-1,1,1030,消耗,0,0,0,0,0,0,0,0,0,0,0,0,-1,0,1,50000,9999999,319|1000/223|1000/510|1/478|10/
500,定风珠,-1,1,2649,消耗,0,0,0,0,0,0,0,0,0,0,0,0,-1,0,1,50000,9999999,可以重置巅峰属性点
501,符文:1#,-1,1,2621,道具,0,0,0,0,0,0,0,0,0,0,0,0,-1,0,1,10000,9999999,开启神秘的符文之旅
502,符文:2#,-1,1,2622,道具,0,0,0,0,0,0,0,0,0,0,0,0,-1,0,1,20000,9999999,开启神秘的符文之旅
503,符文:3#,-1,1,2623,道具,0,0,0,0,0,0,0,0,0,0,0,0,-1,0,1,30000,9999999,开启神秘的符文之旅
504,符文:4#,-1,1,2624,道具,0,0,0,0,0,0,0,0,0,0,0,0,-1,0,1,40000,9999999,开启神秘的符文之旅
505,符文:5#,-1,1,2625,道具,0,0,0,0,0,0,0,0,0,0,0,0,-1,0,1,50000,9999999,开启神秘的符文之旅
506,符文:6#,-1,1,2626,道具,0,0,0,0,0,0,0,0,0,0,0,0,-1,0,1,60000,9999999,开启神秘的符文之旅
507,符文:7#,-1,1,2627,道具,0,0,0,0,0,0,0,0,0,0,0,0,-1,0,1,70000,9999999,开启神秘的符文之旅
508,符文:8#,-1,1,2628,道具,0,0,0,0,0,0,0,0,0,0,0,0,-1,0,1,80000,9999999,开启神秘的符文之旅
509,符文:9#,-1,1,2629,道具,0,0,0,0,0,0,0,0,0,0,0,0,-1,0,1,90000,9999999,开启神秘的符文之旅
510,符文:10#,-1,1,2630,道具,0,0,0,0,0,0,0,0,0,0,0,0,-1,0,1,100000,9999999,开启神秘的符文之旅
511,符文:11#,-1,1,2631,道具,0,0,0,0,0,0,0,0,0,0,0,0,-1,0,1,110000,9999999,开启神秘的符文之旅
512,符文:12#,-1,1,2632,道具,0,0,0,0,0,0,0,0,0,0,0,0,-1,0,1,120000,9999999,开启神秘的符文之旅
513,符文:13#,-1,1,2633,道具,0,0,0,0,0,0,0,0,0,0,0,0,-1,0,1,130000,9999999,开启神秘的符文之旅
514,符文:14#,-1,1,2634,道具,0,0,0,0,0,0,0,0,0,0,0,0,-1,0,1,140000,9999999,开启神秘的符文之旅
515,符文:15#,-1,1,2635,道具,0,0,0,0,0,0,0,0,0,0,0,0,-1,0,1,150000,9999999,开启神秘的符文之旅
516,符文:16#,-1,1,2636,道具,0,0,0,0,0,0,0,0,0,0,0,0,-1,0,1,160000,9999999,开启神秘的符文之旅
517,符文:17#,-1,1,2637,道具,0,0,0,0,0,0,0,0,0,0,0,0,-1,0,1,170000,9999999,开启神秘的符文之旅
518,符文:18#,-1,1,2638,道具,0,0,0,0,0,0,0,0,0,0,0,0,-1,0,1,180000,9999999,开启神秘的符文之旅
519,符文:19#,-1,1,2639,道具,0,0,0,0,0,0,0,0,0,0,0,0,-1,0,1,190000,9999999,开启神秘的符文之旅
520,空白符文,-1,1,2640,道具,0,0,0,0,0,0,0,0,0,0,0,0,-1,0,1,10000,9999999,-
521,皓月戒指,6,200,2687,装备,0,0,10,50,10,50,10,50,5,15,5,15,-1,10,1,10,1,-
522,皓月护腕,4,200,2688,装备,0,0,10,40,10,40,10,40,5,15,5,15,-1,10,1,10,1,-
523,皓月项链,3,200,2689,装备,0,0,10,50,10,50,10,50,5,15,5,15,-1,10,1,10,1,-
524,皓月头盔,2,200,2692,装备,0,0,10,30,10,30,10,30,5,30,5,30,-1,10,1,10,1,-
525,皓月腰带,8,200,2691,装备,0,0,10,30,10,30,10,30,5,25,5,25,-1,10,1,10,1,-
526,皓月战靴,9,200,2690,装备,0,0,10,30,10,30,10,30,5,25,5,25,-1,10,1,10,1,-
527,皓月神剑,0,200,2680,装备,0,0,50,110,50,110,50,110,0,0,0,0,-1,10,1,10,1,-
528,皓月圣袍,1,200,2685,装备,0,0,10,30,10,30,10,30,30,50,30,50,-1,10,1,10,1,-
529,皓月圣衣,1,200,2686,装备,0,0,10,30,10,30,10,30,30,50,30,50,-1,10,1,10,1,-
530,皓月斗笠,2,200,2683,装备,0,0,10,35,10,35,10,35,5,35,5,35,-1,10,1,10,1,-
531,热血戒指,6,300,2703,装备,0,0,20,70,20,70,20,70,10,25,10,25,-1,10,1,20,1,-
532,热血护腕,4,300,2700,装备,0,0,20,60,20,60,20,60,10,25,10,25,-1,10,1,20,1,-
533,热血项链,3,300,2701,装备,0,0,20,70,20,70,20,70,10,25,10,25,-1,10,1,20,1,-
534,热血头盔,2,300,2704,装备,0,0,20,50,20,50,20,50,15,45,15,45,-1,10,1,20,1,-
535,热血腰带,8,300,2702,装备,0,0,20,50,20,50,20,50,10,40,10,40,-1,10,1,20,1,-
536,热血战靴,9,300,2705,装备,0,0,20,50,20,50,20,50,10,40,10,40,-1,10,1,20,1,-
537,热血神剑,0,300,2708,装备,0,0,60,130,60,130,60,130,0,0,0,0,-1,10,1,20,1,-
538,热血圣袍,1,300,2709,装备,0,0,20,50,20,50,20,50,45,65,45,65,-1,10,1,20,1,-
539,热血圣衣,1,300,2710,装备,0,0,20,50,20,50,20,50,45,65,45,65,-1,10,1,20,1,-
540,热血斗笠,2,300,2706,装备,0,0,20,60,20,60,20,60,20,50,20,50,-1,10,1,20,1,-
541,新区礼包,-1,1,1030,消耗,0,0,0,0,0,0,0,0,0,0,0,0,-1,0,1,50000,9999999,223|500/225|1/319|100/478|1/217|10/
542,国庆节礼包,-1,1,1030,消耗,0,0,0,0,0,0,0,0,0,0,0,0,-1,0,1,50000,9999999,319|2000/498|2000/496|10/
543,一级宝石,-1,1,641,装备,0,0,0,0,0,0,0,0,0,0,0,0,-1,0,1,1000,1,-
544,二级宝石,-1,2,642,装备,0,0,0,0,0,0,0,0,0,0,0,0,-1,2,1,2000,1,-
545,三级宝石,-1,3,643,装备,0,0,0,0,0,0,0,0,0,0,0,0,-1,4,1,3000,1,-
546,四级宝石,-1,4,644,装备,0,0,0,0,0,0,0,0,0,0,0,0,-1,6,1,4000,1,-
547,五级宝石,-1,5,645,装备,0,0,0,0,0,0,0,0,0,0,0,0,-1,8,1,5000,1,-
548,仓库扩充卷,-1,1,2373,消耗,0,0,0,0,0,0,0,0,0,0,0,0,-1,0,0,10000,9999999,使用后增加一页仓库
549,符文金蛋,-1,1,1035,消耗,0,0,0,0,0,0,0,0,0,0,0,0,-1,0,1,10000,9999999,501|1|1|1/502|1|1|2/504|1|1|4/506|1|1|6/508|1|1|8/510|1|1|10/
550,祝福油礼包,-1,1,1120,消耗,0,0,0,0,0,0,0,0,0,0,0,0,-1,0,1,50000,9999999,217|10000/
551,纪念勋章1号,-1,10,1362,装备,0,0,10,100,10,100,10,100,0,0,0,0,-1,0,1,100000,1,-
552,新手灵魂导师勋章,-1,10,1364,装备,0,0,10,100,10,100,10,100,0,0,0,0,-1,0,1,100000,1,-
553,爱国福,-1,1,1273,消耗,0,0,0,0,0,0,0,0,0,0,0,0,-1,0,1,50000,9999999,3|1000000/
554,富强福,-1,1,1273,消耗,0,0,0,0,0,0,0,0,0,0,0,0,-1,0,1,50000,9999999,1|300000/
555,和谐福,-1,1,1273,消耗,0,0,0,0,0,0,0,0,0,0,0,0,-1,0,1,50000,9999999,5|5000/
556,友善福,-1,1,1273,消耗,0,0,0,0,0,0,0,0,0,0,0,0,-1,0,1,50000,9999999,4|15000/
557,敬业福,-1,1,1273,消耗,0,0,0,0,0,0,0,0,0,0,0,0,-1,0,1,50000,9999999,3|500000/1|150000/5|3000/4|10000/
558,秘境重置卡,-1,1,1323,消耗,0,0,0,0,0,0,0,0,0,0,0,0,-1,0,1,100000,9999999,使秘境层数重置
559,新春八重豪礼,-1,1,1274,消耗,0,0,0,0,0,0,0,0,0,0,0,0,-1,0,1,100000,9999999,祝您新年大吉
560,神龙戒指,6,400,2716,装备,0,0,30,90,30,90,30,90,30,35,30,35,-1,10,1,30,1,-
561,神龙护腕,4,400,2713,装备,0,0,30,80,30,80,30,80,20,35,20,35,-1,10,1,30,1,-
562,神龙项链,3,400,2711,装备,0,0,30,90,30,90,30,90,30,35,30,35,-1,10,1,30,1,-
563,神龙头盔,2,400,2712,装备,0,0,30,70,30,70,30,70,25,45,15,45,-1,10,1,30,1,-
564,神龙腰带,8,400,2714,装备,0,0,30,70,30,70,30,70,20,50,20,50,-1,10,1,30,1,-
565,神龙战靴,9,400,2715,装备,0,0,30,70,30,70,30,70,20,50,20,50,-1,10,1,30,1,-
566,神龙剑,0,400,2719,装备,0,0,70,170,70,170,70,170,0,0,0,0,-1,10,1,30,1,-
567,神龙圣袍,1,400,2717,装备,0,0,30,70,30,70,30,70,55,75,55,75,-1,10,1,30,1,-
568,神龙圣衣,1,400,2718,装备,0,0,30,70,30,70,30,70,55,75,55,75,-1,10,1,30,1,-
569,传说矿石,-1,1,2651,道具,0,0,0,0,0,0,0,0,0,0,0,0,-1,0,1,1000,9999999,-
570,积分卷,-1,1,1770,消耗,0,0,0,0,0,0,0,0,0,0,0,0,-1,0,1,1000,9999999,打开获得10000点图谱积分
571,储备经验卷,-1,1,1767,消耗,0,0,0,0,0,0,0,0,0,0,0,0,-1,0,1,1000,9999999,打开获得1000W储备经验
572,书籍包(大),-1,1,1132,消耗,0,0,0,0,0,0,0,0,0,0,0,0,-1,0,1,60000,9999999,234|1000/235|1000/236|1000/237|1000/238|1000/239|1000/
573,新兵勋章,-1,10,1570,装备,0,0,5,10,5,10,5,10,0,0,0,0,-1,0,1,100000,1,-
574,成长勋章,-1,1,1568,装备,0,0,10,50,10,50,10,50,0,0,0,0,-1,1,1,100000,1,-
575,麒麟戒指,6,500,2750,装备,0,0,40,110,40,110,40,110,40,55,40,55,-1,10,1,50,1,-
576,麒麟护腕,4,500,2751,装备,0,0,40,100,40,100,40,100,30,55,30,55,-1,10,1,50,1,-
577,麒麟项链,3,500,2752,装备,0,0,40,110,40,110,40,110,40,55,40,55,-1,10,1,50,1,-
578,麒麟头盔,2,500,2753,装备,0,0,40,90,40,90,40,90,35,65,35,65,-1,10,1,50,1,-
579,麒麟腰带,8,500,2749,装备,0,0,40,90,40,90,40,90,30,70,30,70,-1,10,1,50,1,-
580,麒麟战靴,9,500,2748,装备,0,0,40,90,40,90,40,90,30,70,30,70,-1,10,1,50,1,-
581,凤凰戒指,6,600,2763,装备,0,0,50,130,50,130,50,130,50,75,50,75,-1,10,1,60,1,-
582,凤凰护腕,4,600,2760,装备,0,0,50,120,50,120,50,120,40,75,40,75,-1,10,1,60,1,-
583,凤凰项链,3,600,2759,装备,0,0,50,130,50,130,50,130,50,75,50,75,-1,10,1,60,1,-
584,凤凰头盔,2,600,2758,装备,0,0,50,110,50,110,50,110,45,85,45,85,-1,10,1,60,1,-
585,凤凰腰带,8,600,2761,装备,0,0,50,110,50,110,50,110,40,90,40,90,-1,10,1,60,1,-
586,凤凰战靴,9,600,2762,装备,0,0,50,110,50,110,50,110,40,90,40,90,-1,10,1,60,1,-
587,诛仙戒指,6,700,2772,装备,0,0,60,150,60,150,60,150,60,95,60,95,-1,10,1,70,1,-
588,诛仙护腕,4,700,2773,装备,0,0,60,140,60,140,60,140,50,95,50,95,-1,10,1,70,1,-
589,诛仙项链,3,700,2771,装备,0,0,60,150,60,150,60,150,60,95,60,95,-1,10,1,70,1,-
590,诛仙头盔,2,700,2774,装备,0,0,60,130,60,130,60,130,55,105,55,105,-1,10,1,70,1,-
591,诛仙腰带,8,700,2769,装备,0,0,60,130,60,130,60,130,50,110,50,110,-1,10,1,70,1,-
592,诛仙战靴,9,700,2770,装备,0,0,60,130,60,130,60,130,50,110,50,110,-1,10,1,70,1,-
593,龙王戒指,6,800,2742,装备,0,0,70,170,70,170,70,170,70,115,70,115,-1,10,1,80,1,-
594,龙王护腕,4,800,2741,装备,0,0,70,160,70,160,70,160,60,115,60,115,-1,10,1,80,1,-
595,龙王项链,3,800,2739,装备,0,0,70,170,70,170,70,170,70,115,70,115,-1,10,1,80,1,-
596,龙王头盔,2,800,2740,装备,0,0,70,150,70,150,70,150,65,125,65,125,-1,10,1,80,1,-
597,龙王腰带,8,800,2743,装备,0,0,70,150,70,150,70,150,60,130,60,130,-1,10,1,80,1,-
598,龙王战靴,9,800,2738,装备,0,0,70,150,70,150,70,150,60,130,60,130,-1,10,1,80,1,-
599,天神戒指,6,900,2799,装备,0,0,80,190,80,190,80,190,80,135,80,135,-1,10,1,90,1,-
600,天神护腕,4,900,2798,装备,0,0,80,180,80,180,80,180,70,135,70,135,-1,10,1,90,1,-
601,天神项链,3,900,2796,装备,0,0,80,190,80,190,80,190,80,135,80,135,-1,10,1,90,1,-
602,天神头盔,2,900,2795,装备,0,0,80,170,80,170,80,170,75,145,75,145,-1,10,1,90,1,-
603,天神腰带,8,900,2800,装备,0,0,80,170,80,170,80,170,70,150,70,150,-1,10,1,90,1,-
604,天神战靴,9,900,2801,装备,0,0,80,170,80,170,80,170,70,150,70,150,-1,10,1,90,1,-
605,上古戒指,6,1000,2808,装备,0,0,90,210,90,210,90,210,90,155,90,155,-1,10,1,100,1,-
606,上古护腕,4,1000,2809,装备,0,0,90,200,90,200,90,200,80,155,80,155,-1,10,1,100,1,-
607,上古项链,3,1000,2810,装备,0,0,90,210,90,210,90,210,90,155,90,155,-1,10,1,100,1,-
608,上古头盔,2,1000,2811,装备,0,0,90,190,90,190,90,190,85,165,85,165,-1,10,1,100,1,-
609,上古腰带,8,1000,2812,装备,0,0,90,190,90,190,90,190,80,170,80,170,-1,10,1,100,1,-
610,上古战靴,9,1000,2813,装备,0,0,90,190,90,190,90,190,80,170,80,170,-1,10,1,100,1,-
611,戒指,6,1100,2802,装备,0,0,100,230,100,230,100,230,100,175,100,175,-1,10,1,110,1,-
612,护腕,4,1100,2803,装备,0,0,100,220,100,220,100,220,90,175,90,175,-1,10,1,110,1,-
613,项链,3,1100,2804,装备,0,0,100,230,100,230,100,230,100,175,100,175,-1,10,1,110,1,-
614,头盔,2,1100,2805,装备,0,0,100,210,100,210,100,210,95,185,95,185,-1,10,1,110,1,-
615,腰带,8,1100,2806,装备,0,0,100,210,100,210,100,210,90,190,90,190,-1,10,1,110,1,-
616,战靴,9,1100,2807,装备,0,0,100,210,100,210,100,210,90,190,90,190,-1,10,1,110,1,-
617,戒指,6,1200,2814,装备,0,0,110,250,110,250,110,250,110,195,110,195,-1,10,1,120,1,-
618,护腕,4,1200,2815,装备,0,0,110,240,110,240,110,240,100,195,100,195,-1,10,1,120,1,-
619,项链,3,1200,2816,装备,0,0,110,250,110,250,110,250,110,195,110,195,-1,10,1,120,1,-
620,头盔,2,1200,2817,装备,0,0,110,230,110,230,110,230,105,205,105,205,-1,10,1,120,1,-
621,腰带,8,1200,2818,装备,0,0,110,230,110,230,110,230,100,210,100,210,-1,10,1,120,1,-
622,战靴,9,1200,2819,装备,0,0,110,230,110,230,110,230,100,210,100,210,-1,10,1,120,1,-
623,戒指,6,1300,2750,装备,0,0,120,270,120,270,120,270,120,215,120,215,-1,10,1,130,1,-
624,护腕,4,1300,2751,装备,0,0,120,260,120,260,120,260,110,215,110,215,-1,10,1,130,1,-
625,项链,3,1300,2752,装备,0,0,120,270,120,270,120,270,120,215,120,215,-1,10,1,130,1,-
626,头盔,2,1300,2753,装备,0,0,120,250,120,250,120,250,115,225,115,225,-1,10,1,130,1,-
627,腰带,8,1300,2749,装备,0,0,120,250,120,250,120,250,110,230,110,230,-1,10,1,130,1,-
628,战靴,9,1300,2748,装备,0,0,120,250,120,250,120,250,110,230,110,230,-1,10,1,130,1,-
629,戒指,6,1400,2750,装备,0,0,130,290,130,290,130,290,130,235,130,235,-1,10,1,140,1,-
630,护腕,4,1400,2751,装备,0,0,130,280,130,280,130,280,120,235,120,235,-1,10,1,140,1,-
631,项链,3,1400,2752,装备,0,0,130,290,130,290,130,290,130,235,130,235,-1,10,1,140,1,-
632,头盔,2,1400,2753,装备,0,0,130,270,130,270,130,270,125,245,125,245,-1,10,1,140,1,-
633,腰带,8,1400,2749,装备,0,0,130,270,130,270,130,270,120,250,120,250,-1,10,1,140,1,-
634,战靴,9,1400,2748,装备,0,0,130,270,130,270,130,270,120,250,120,250,-1,10,1,140,1,-
635,戒指,6,1500,2750,装备,0,0,140,310,140,310,140,310,140,255,140,255,-1,10,1,150,1,-
636,护腕,4,1500,2751,装备,0,0,140,300,140,300,140,300,130,255,130,255,-1,10,1,150,1,-
637,项链,3,1500,2752,装备,0,0,140,310,140,310,140,310,140,255,140,255,-1,10,1,150,1,-
638,头盔,2,1500,2753,装备,0,0,140,290,140,290,140,290,135,265,135,265,-1,10,1,150,1,-
639,腰带,8,1500,2749,装备,0,0,140,290,140,290,140,290,130,270,130,270,-1,10,1,150,1,-
640,战靴,9,1500,2748,装备,0,0,140,290,140,290,140,290,130,270,130,270,-1,10,1,150,1,-
641,传说の剑,0,500,2720,装备,0,0,100,200,100,200,100,200,0,0,0,0,-1,10,1,10000,1,-
642,传说の袍,1,500,2591,装备,0,0,50,150,50,150,50,150,50,100,50,100,-1,10,1,10000,1,-
643,传说の裳,1,500,2592,装备,0,0,50,150,50,150,50,150,50,100,50,100,-1,10,1,10000,1,-
644,龙珠1★,-1,1,2723,道具,0,0,0,0,0,0,0,0,0,0,0,0,-1,0,1,10000,9999999,改变传说装备的形态
645,龙珠2★,-1,1,2724,道具,0,0,0,0,0,0,0,0,0,0,0,0,-1,0,1,10000,9999999,改变传说装备的形态
646,龙珠3★,-1,1,2725,道具,0,0,0,0,0,0,0,0,0,0,0,0,-1,0,1,10000,9999999,改变传说装备的形态
647,龙珠4★,-1,1,2726,道具,0,0,0,0,0,0,0,0,0,0,0,0,-1,0,1,10000,9999999,改变传说装备的形态
648,龙珠5★,-1,1,2727,道具,0,0,0,0,0,0,0,0,0,0,0,0,-1,0,1,10000,9999999,改变传说装备的形态
649,龙珠6★,-1,1,2728,道具,0,0,0,0,0,0,0,0,0,0,0,0,-1,0,1,10000,9999999,改变传说装备的形态
650,龙珠7★,-1,1,2729,道具,0,0,0,0,0,0,0,0,0,0,0,0,-1,0,1,10000,9999999,改变传说装备的形态
651,龙珠8★,-1,1,2730,道具,0,0,0,0,0,0,0,0,0,0,0,0,-1,0,1,10000,9999999,改变传说装备的形态
652,龙珠9★,-1,1,2731,道具,0,0,0,0,0,0,0,0,0,0,0,0,-1,0,1,10000,9999999,改变传说装备的形态
653,传说剑[第一形态],0,500,44,装备,0,0,0,10,0,10,0,10,0,0,0,0,-1,10,1,500,1,-
654,传说剑[第二形态],0,500,35,装备,0,0,0,20,0,20,0,20,0,0,0,0,-1,10,1,500,1,-
655,传说剑[第三形态],0,500,46,装备,0,0,0,30,0,30,0,30,0,0,0,0,-1,10,1,500,1,-
656,传说剑[第四形态],0,500,48,装备,0,0,0,40,0,40,0,40,0,0,0,0,-1,10,1,500,1,-
657,传说剑[第五形态],0,500,55,装备,0,0,0,50,0,50,0,50,0,0,0,0,-1,10,1,500,1,-
658,传说剑[第六形态],0,500,66,装备,0,0,0,60,0,60,0,60,0,0,0,0,-1,10,1,500,1,-
659,传说剑[第七形态],0,500,58,装备,0,0,0,70,0,70,0,70,0,0,0,0,-1,10,1,500,1,-
660,传说剑[第八形态],0,500,75,装备,0,0,0,80,0,80,0,80,0,0,0,0,-1,10,1,500,1,-
661,传说剑[第九形态],0,500,73,装备,0,0,0,90,0,90,0,90,0,0,0,0,-1,10,1,500,1,-
662,传说袍[第一形态],1,500,61,装备,0,0,0,0,0,0,0,0,0,5,0,5,-1,10,1,500,1,-
663,传说袍[第二形态],1,500,62,装备,0,0,0,0,0,0,0,0,0,10,0,10,-1,10,1,500,1,-
664,传说袍[第三形态],1,500,63,装备,0,0,0,0,0,0,0,0,0,15,0,15,-1,10,1,500,1,-
665,传说袍[第四形态],1,500,86,装备,0,0,0,0,0,0,0,0,0,20,0,20,-1,10,1,500,1,-
666,传说袍[第五形态],1,500,598,装备,0,0,0,0,0,0,0,0,0,25,0,25,-1,10,1,500,1,-
667,传说袍[第六形态],1,500,597,装备,0,0,0,0,0,0,0,0,0,30,0,30,-1,10,1,500,1,-
668,传说袍[第七形态],1,500,600,装备,0,0,0,0,0,0,0,0,0,35,0,35,-1,10,1,500,1,-
669,传说袍[第八形态],1,500,1395,装备,0,0,0,0,0,0,0,0,0,40,0,40,-1,10,1,500,1,-
670,传说袍[第九形态],1,500,1401,装备,0,0,0,0,0,0,0,0,0,45,0,45,-1,10,1,500,1,-
671,传说裳[第一形态],1,500,81,装备,0,0,0,0,0,0,0,0,0,5,0,5,-1,10,1,500,1,-
672,传说裳[第二形态],1,500,82,装备,0,0,0,0,0,0,0,0,0,10,0,10,-1,10,1,500,1,-
673,传说裳[第三形态],1,500,83,装备,0,0,0,0,0,0,0,0,0,15,0,15,-1,10,1,500,1,-
674,传说裳[第四形态],1,500,89,装备,0,0,0,0,0,0,0,0,0,20,0,20,-1,10,1,500,1,-
675,传说裳[第五形态],1,500,599,装备,0,0,0,0,0,0,0,0,0,25,0,25,-1,10,1,500,1,-
676,传说裳[第六形态],1,500,607,装备,0,0,0,0,0,0,0,0,0,30,0,30,-1,10,1,500,1,-
677,传说裳[第七形态],1,500,601,装备,0,0,0,0,0,0,0,0,0,35,0,35,-1,10,1,500,1,-
678,传说裳[第八形态],1,500,1396,装备,0,0,0,0,0,0,0,0,0,40,0,40,-1,10,1,500,1,-
679,传说裳[第九形态],1,500,1402,装备,0,0,0,0,0,0,0,0,0,45,0,45,-1,10,1,500,1,-
680,杰出贡献勋章,-1,10,2754,装备,0,0,10,100,10,100,10,100,0,0,0,0,-1,0,1,100000,1,-
681,渡劫证明㈠,-1,1,2791,道具,0,0,0,0,0,0,0,0,0,0,0,0,-1,0,1,10000,9999999,-
682,渡劫证明㈡,-1,1,2792,道具,0,0,0,0,0,0,0,0,0,0,0,0,-1,0,1,10000,9999999,-
683,渡劫证明㈢,-1,1,2790,道具,0,0,0,0,0,0,0,0,0,0,0,0,-1,0,1,10000,9999999,-
684,渡劫证明㈣,-1,1,2794,道具,0,0,0,0,0,0,0,0,0,0,0,0,-1,0,1,10000,9999999,-
685,渡劫证明㈤,-1,1,2793,道具,0,0,0,0,0,0,0,0,0,0,0,0,-1,0,1,10000,9999999,-
686,人民的名义,-1,10,2183,装备,0,0,10,120,10,120,10,120,0,0,0,0,-1,0,1,100000,1,-
687,幻境礼包,-1,1,1030,消耗,0,0,0,0,0,0,0,0,0,0,0,0,-1,0,1,50000,9999999,488|2/571|1000/319|1500/
688,秘境礼包,-1,1,1030,消耗,0,0,0,0,0,0,0,0,0,0,0,0,-1,0,1,50000,9999999,558|2/571|1000/319|1000/570|30/
689,周年庆号角,-1,1,1665,道具,0,0,0,0,0,0,0,0,0,0,0,0,-1,0,1,10000,9999999,<品3>号角公式：<br><品1>号角*1+1#=黄金宝箱*10<br><品1>号角*2+2#=秘境重置卷*1<br><品1>号角*2+3#=幻境重置卷*1<br><品1>号角*1+4#=项链祝福油*1<br><品1>号角*10+12#=升级丹*1<br><品1>号角*100+13#=镜子*1
690,周年庆福字,-1,1,1668,消耗,0,0,0,0,0,0,0,0,0,0,0,0,-1,0,1,10000,9999999,421|1|1|5/320|1|1|20/478|1|1|5/508|1|1|5/509|1|1|10/570|1|1|30/488|1|1|100/558|1|1|100/
691,纪念勋章2号,-1,10,1669,装备,0,0,10,150,10,150,10,150,0,0,0,0,-1,0,1,100000,1,-
692,黄金钥匙,-1,1,1228,道具,0,0,0,0,0,0,0,0,0,0,0,0,-1,0,1,10000,9999999,开启每日的黄金宝箱
693,升级丹,-1,500,2732,消耗,0,0,0,0,0,0,0,0,0,0,0,0,-1,10,1,10000,9999999,可以增加100%的当前经验<br><黄>等级限制：500级
694,黄金宝箱,-1,1,1193,消耗,0,0,0,0,0,0,0,0,0,0,0,0,-1,0,1,10000,9999999,使用后增加1个黄金宝箱
695,项链祝福油,-1,1,2608,消耗,0,0,0,0,0,0,0,0,0,0,0,0,-1,0,1,10000,9999999,可以增加项链的幸运值<br><品1>幸运0->1：30%成功率<br><品1>幸运1->2：10%成功率<br><品1>幸运2->3：5%成功率<br><黄>失败不会降低幸运值
696,七夕礼包,-1,1,1030,消耗,0,0,0,0,0,0,0,0,0,0,0,0,-1,0,1,50000,9999999,488|3/571|3000/319|1500/570|30/
697,镜子,-1,1,2657,道具,0,0,0,0,0,0,0,0,0,0,0,0,-1,0,1,100000,9999999,复制一件指定的装备
698,天书,11,1,2658,装备,0,0,0,0,0,0,0,0,0,0,0,0,-1,0,1,10000,1,-
699,冲级礼包,-1,1,1030,消耗,0,0,0,0,0,0,0,0,0,0,0,0,-1,0,1,50000,9999999,488|10/571|15000/319|1000/570|50/
700,QQ群勋章,-1,10,1764,装备,0,0,5,15,5,15,5,15,0,0,0,0,-1,0,1,100000,1,<紫>加入QQ群领取<br>
701,渡劫护身符,-1,1,2612,道具,0,0,0,0,0,0,0,0,0,0,0,0,-1,0,1,10000,9999999,<紫>庇护渡劫之身
702,小巅峰矿礼包,-1,1,2652,消耗,0,0,0,0,0,0,0,0,0,0,0,0,-1,0,1,50000,9999999,498|10000/
703,大巅峰矿礼包,-1,1,2652,消耗,0,0,0,0,0,0,0,0,0,0,0,0,-1,0,1,50000,9999999,498|50000/
704,2018新春纪念勋章,-1,10,2736,装备,0,0,10,180,10,180,10,180,0,0,0,0,-1,0,1,100000,1,-
705,纪念勋章3号,-1,10,2754,装备,0,0,10,150,10,150,10,150,0,0,0,0,-1,0,1,100000,1,-
706,永久区纪念勋章,-1,50,2737,装备,0,0,10,200,10,200,10,200,0,0,0,0,-1,0,1,100000,1,-
707,渡劫证明(六),-1,1,1721,道具,0,0,0,0,0,0,0,0,0,0,0,0,-1,0,1,10000,9999999,-
708,渡劫证明(七),-1,1,1724,道具,0,0,0,0,0,0,0,0,0,0,0,0,-1,0,1,10000,9999999,-
709,渡劫证明(八),-1,1,1722,道具,0,0,0,0,0,0,0,0,0,0,0,0,-1,0,1,10000,9999999,-
710,渡劫证明(九),-1,1,1723,道具,0,0,0,0,0,0,0,0,0,0,0,0,-1,0,1,10000,9999999,-
711,渡劫证明(十),-1,1,1725,道具,0,0,0,0,0,0,0,0,0,0,0,0,-1,0,1,10000,9999999,-
712,世界BOSS内丹,-1,1,1587,道具,0,0,0,0,0,0,0,0,0,0,0,0,-1,0,1,10000,9999999,击杀世界BOSS后获得内丹<br><黄>可合成高阶渡劫证明
713,纪念勋章4号,-1,50,1415,装备,0,0,50,250,50,250,50,250,0,0,0,0,-1,0,1,100000,1,-
714,纪念勋章5号,-1,50,1415,装备,0,0,50,300,50,300,50,300,0,0,0,0,-1,0,1,100000,1,-
715,纪念勋章6号,-1,50,1415,装备,0,0,50,350,50,350,50,350,0,0,0,0,-1,0,1,100000,1,-
716,纪念勋章7号,-1,50,1415,装备,0,0,50,400,50,400,50,400,0,0,0,0,-1,0,1,100000,1,-
717,纪念勋章8号,-1,50,1415,装备,0,0,50,450,50,450,50,450,0,0,0,0,-1,0,1,100000,1,-
718,纪念勋章9号,-1,50,1415,装备,0,0,50,500,50,500,50,500,0,0,0,0,-1,0,1,100000,1,-
719,纪念勋章10号,-1,50,1415,装备,0,0,50,510,50,510,50,510,0,0,0,0,-1,0,1,100000,1,-
720,纪念勋章11号,-1,50,1415,装备,0,0,50,520,50,520,50,520,0,0,0,0,-1,0,1,100000,1,-
721,纪念勋章12号,-1,50,1415,装备,0,0,50,530,50,530,50,530,0,0,0,0,-1,0,1,100000,1,-
722,纪念勋章13号,-1,50,1415,装备,0,0,50,540,50,540,50,540,0,0,0,0,-1,0,1,100000,1,-
723,纪念勋章14号,-1,50,1415,装备,0,0,50,550,50,550,50,550,0,0,0,0,-1,0,1,100000,1,-
724,纪念勋章15号,-1,50,1415,装备,0,0,50,560,50,560,50,560,0,0,0,0,-1,0,1,100000,1,-
725,纪念勋章16号,-1,50,1415,装备,0,0,50,570,50,570,50,570,0,0,0,0,-1,0,1,100000,1,-
726,纪念勋章17号,-1,50,1415,装备,0,0,50,580,50,580,50,580,0,0,0,0,-1,0,1,100000,1,-
727,纪念勋章18号,-1,50,1415,装备,0,0,50,590,50,590,50,590,0,0,0,0,-1,0,1,100000,1,-
728,纪念勋章19号,-1,50,1415,装备,0,0,50,600,50,600,50,600,0,0,0,0,-1,0,1,100000,1,-
729,纪念勋章20号,-1,50,1415,装备,0,0,50,610,50,610,50,610,0,0,0,0,-1,0,1,100000,1,-
730,技能突破内丹,-1,1,23,道具,0,0,0,0,0,0,0,0,0,0,0,0,-1,0,1,10000,9999999,技能突破必需品<br>每次突破需10个
731,藏宝图,-1,1,1141,消耗,0,0,0,0,0,0,0,0,0,0,0,0,-1,0,1,10000,9999999,一张记着藏宝地点的地图。
732,高级藏宝图,-1,1,1141,消耗,0,0,0,0,0,0,0,0,0,0,0,0,-1,0,1,10000,9999999,一张记着藏宝地点的地图。
